wallet,token_symbol,delegatee,block_time,tx_hash,amount_raw,is_revoke,gas_cost_eth,approval_type,outstanding,is_unlimited
0x000000000000bb1b11e5ac8099e92e366b64c133,DAI,0x8761e0370f94f68db8eaa731f4fc581f6ad0bd68,2024-08-28 16:46:11+00:00,0xc12f261152ab0423d19a341b4b417152c9f6a29275a2b2a6d4d79065127ca609,115792089237316195423570985008687907853269984665640564039357805539952105712902,False,0.00710727028613921,unlimited,True,True
0x000000000000bb1b11e5ac8099e92e366b64c133,USDC,0x8761e0370f94f68db8eaa731f4fc581f6ad0bd68,2024-08-28 16:43:59+00:00,0x3bb71afa5cde847017d50701372d9966d939d9ce993530f03341142ee3bb1f06,115792089237316195423570985008687907853269984665640564039457584007912776755213,False,0.007691754233910768,unlimited,True,True
0x000000000000bb1b11e5ac8099e92e366b64c133,USDT,0x8761e0370f94f68db8eaa731f4fc581f6ad0bd68,2024-08-28 16:48:23+00:00,0x5015d8c50473f5f8ca78c953db4ec7d4151f0e0f288677cf554b1de90bcf76d2,115792089237316195423570985008687907853269984665640564039457584007912843571845,False,0.007313926899424066,unlimited,True,True
0x000005c42f532023064996a3c97940f075c8fd05,USDT,0xd7852e139a7097e119623de0751ae53a61efb442,2025-06-03 13:24:47+00:00,0x018feea6adc3048eed63044ee421441cf3f4d9737e4d533f6b34f26e731e774a,65671527,False,0.003200413741483503,exact,True,False
0x0012389d4b1f93f5fc6eff53216afc73ff0b3dd9,USDC,0xd7852e139a7097e119623de0751ae53a61efb442,2025-09-26 08:28:11+00:00,0x08e4e34e56989523504dafa1a8d8e55d5da534fb54f7ef98ab0b5c37add16d2c,754807473,False,0.000446978379946998,exact,True,False
0x0012389d4b1f93f5fc6eff53216afc73ff0b3dd9,USDT,0xd7852e139a7097e119623de0751ae53a61efb442,2025-11-25 06:37:11+00:00,0x371fa608ed06e7299b4e24c51a9e6f0fa50f9d9e3d2b55393c909cf769c221ec,2173455787,False,0.00011475208666999,exact,True,False
0x00159370cbe576b765a7fb2e78582e0cb563d445,DAI,0x9901bac880caecad999e292811db9c1db3e86f8a,2023-08-30 02:20:11+00:00,0xd252bd1cdc5e65c7492d5560d1eb8ad42a97f5d7b60f5de00463572ae3489fdb,0,True,0.024109591576376616,revocation,False,False
0x00159370cbe576b765a7fb2e78582e0cb563d445,USDC,0x8f30adaa6950b31f675bf8a709bc23f55aa24735,2023-08-30 02:25:11+00:00,0x2900270b47cd35344159b1f800f60921e5135677e58081ffa763665697bc368f,75642324,False,0.017965765242080028,exact,True,False
0x00159370cbe576b765a7fb2e78582e0cb563d445,USDC,0x9901bac880caecad999e292811db9c1db3e86f8a,2023-08-30 02:18:23+00:00,0x047c85b02c3abc69732f1c079eae7a7014e9cc17078c2f7293079e09da36fa94,0,True,0.02068685102951796,revocation,False,False
0x0018ea4bab28d0737a77164d2331790c49ce0734,USDC,0xb748952c7bc638f31775245964707bcc5ddfabfc,2023-08-01 02:47:35+00:00,0x06c9f36a8cbc97cfeaaac096f57f834bc5458e09b22c246c9525fe2068ac7561,1011071670,False,0.01600685186111836,exact,True,False
0x001fd99044af0e172b2528bd3267eda0e98143fe,USDC,0xd7852e139a7097e119623de0751ae53a61efb442,2025-10-26 10:53:11+00:00,0x747163a90240214df77041c2ec47473e3712f9cae5ec7af647b4a7d8b54a89f0,74494141,False,7.756232746692e-05,exact,True,False
0x002183113f3fedc5b494080954e5e8faeb070fd3,DAI,0xb748952c7bc638f31775245964707bcc5ddfabfc,2024-03-16 17:19:47+00:00,0x66f74017dea455ee649f34ef620c99ac5c9aea981aeb633bc215c47154512862,15131481091779864141656,False,0.08426512416494109,exact,True,False
0x002183113f3fedc5b494080954e5e8faeb070fd3,USDT,0x8761e0370f94f68db8eaa731f4fc581f6ad0bd68,2024-03-20 18:26:59+00:00,0x0994a29ab6cbb3f700eaebfa49d9f843eed1b474bc5ce3200d7c9078cdaa4da4,9572513907,False,0.0271558122290637,exact,True,False
0x002183113f3fedc5b494080954e5e8faeb070fd3,USDT,0xb748952c7bc638f31775245964707bcc5ddfabfc,2024-03-16 17:19:47+00:00,0x66f74017dea455ee649f34ef620c99ac5c9aea981aeb633bc215c47154512862,39738607727,False,0.08426512416494109,exact,True,False
0x00227dd82fae1220bdac630297753bb2cb4e8ddd,DAI,0x8761e0370f94f68db8eaa731f4fc581f6ad0bd68,2024-01-12 17:24:59+00:00,0xc47a0080736f2f980f1bac1cc63ed12e783e593f3b525436bff6d891e6a0b0a9,59477704883596999999999,False,0.057180729000609457,exact,True,False
0x00227dd82fae1220bdac630297753bb2cb4e8ddd,DAI,0xb748952c7bc638f31775245964707bcc5ddfabfc,2023-01-30 11:45:23+00:00,0x383c22a3f9b2faee6d2c2d93f0404eb64db7fc1409fc45e5e11cc693d7bba4b7,116113269552818797,False,0.02406029863032894,exact,True,False
0x00227dd82fae1220bdac630297753bb2cb4e8ddd,DAI,0xd7852e139a7097e119623de0751ae53a61efb442,2025-03-09 22:18:11+00:00,0x453d6d39b888d2c1246446d82afb1d17f04bbb16fb0097633ed514071a9a1e42,284594224866060695839,False,0.001277797199167456,exact,True,False
0x00227dd82fae1220bdac630297753bb2cb4e8ddd,USDC,0x8761e0370f94f68db8eaa731f4fc581f6ad0bd68,2023-12-28 22:25:47+00:00,0xde502b20557a9d40fd1e0c39baffc6f1b7948452b5aef6cbb7cb4901f09b43c7,28937886864,False,0.0197180036248086,exact,True,False
0x00227dd82fae1220bdac630297753bb2cb4e8ddd,USDC,0xd7852e139a7097e119623de0751ae53a61efb442,2024-11-04 11:05:35+00:00,0x49ea0bc0cc5b96ee9f1c996943d2370681c9cd162c1f5ecdd4c18f1e39be8092,69566532118,False,0.006150342080234989,exact,True,False
0x002afa1e35ce85272aae5e0d7ab541dfd442b667,USDC,0xd7852e139a7097e119623de0751ae53a61efb442,2025-08-14 09:24:11+00:00,0x07d5ef5b42634c7f36ad19dd89377f0ee2887511c2648da0ed456701969fdf42,1126757939,False,0.0010861644454248,exact,True,False
0x002ec9abfff7d6d2e98a162054085ad23a2eaaa9,USDC,0x9901bac880caecad999e292811db9c1db3e86f8a,2023-07-12 20:01:59+00:00,0x7602027da51897721d7c1cf3829c9f4850c61690e2f2241cfc1b262415f19218,1000000000,False,0.0015312744008628,exact,True,False
0x0032311e56bc34efde20b408bb99d986eea1863a,USDT,0xd7852e139a7097e119623de0751ae53a61efb442,2025-11-27 17:15:59+00:00,0x234b2dd7a48343d7b542107363b439057bfc77c07d8ee574238e8c3d37b9bdea,5911133341,False,0.001890497127325564,exact,True,False
0x003626ab1a6ae0f0c4f5967a7f4f5eea3aa225ac,USDC,0x8761e0370f94f68db8eaa731f4fc581f6ad0bd68,2024-03-19 14:15:11+00:00,0xe7484067657ebe95670eb218318273ac4a1164ca6b229f3f52de9248fe8c2319,35962934892,False,0.041456021,exact,True,False
0x00448a760c87188d40f505e08d900a0b02c6e7a5,DAI,0x90ca462b869bc8deb97bc612e558347b89b8d78a,2025-10-20 21:55:59+00:00,0x1eac50e85a4526a3a0e614a84a953257fae794bc89852158092dbea21ea49857,115792089237316195423570985008687907853269984665640564039457584007913129639935,False,4.970224843556e-06,unlimited,True,True
0x00448a760c87188d40f505e08d900a0b02c6e7a5,USDC,0x90ca462b869bc8deb97bc612e558347b89b8d78a,2025-10-19 19:53:35+00:00,0x92a6c9066422af5cca04486317e8501041bb3d866bce5a9a0f93fe31d8ae7b83,115792089237316195423570985008687907853269984665640564039457584007913129639935,False,5.297111479674e-06,unlimited,True,True
0x0045f761859162744a2e99b448bf5c5dc578e38c,USDT,0x4a199614494f5cd1458bc5114e6889ff087b4982,2026-02-09 11:10:11+00:00,0x5124452ac6f7113377eb6dd755b5ae9e4d4e6cc69b7c0813b1977f902caec68c,91528951150,False,0.001151059897488617,exact,True,False
0x0045f761859162744a2e99b448bf5c5dc578e38c,USDT,0xc3ae703bf16e160a1ce045d86cfc48b42a41c710,2026-02-25 16:17:23+00:00,0x84b7bd180713d42b1b6809831f556f1831988ff273ae868bbc9568221b96cb18,96082923689,False,0.001316972162097808,exact,True,False
0x0049665f987361e8f2bee667acf9cea278163425,USDT,0xd7852e139a7097e119623de0751ae53a61efb442,2024-12-09 12:57:47+00:00,0xa97730fabda1485cfbf59a9b1f67c1738e0cf7d7bc1e4f34c7bc6f8237e7af10,765298264,False,0.03584702003084691,exact,True,False
0x0052c044b31fc22d9e99c6e0ca02371fdef31d2b,USDT,0xd7852e139a7097e119623de0751ae53a61efb442,2025-08-01 18:44:47+00:00,0x81afe49793ebddec24058a13600fa15b25278bebac19d801029eed53ffc900ca,2427074789,False,0.002105298999680876,exact,True,False
0x005b0743d8b2ed646499dc48b64b95e71b8afa43,USDC,0xb748952c7bc638f31775245964707bcc5ddfabfc,2024-09-18 10:28:47+00:00,0x223b395bc184f1722fa7399568278ba1ba6f411779c8042040e765a707f5bfbf,1344645370,False,0.009845609811513768,exact,True,False
0x005f16f017aa933bb41965b52848ceb8ee48b171,USDT,0xb748952c7bc638f31775245964707bcc5ddfabfc,2025-07-06 23:41:47+00:00,0xd3203a41f5345b54e4e845466432666073a0877c9b7d84225abbb1697b7e9703,14517686,False,0.000299568,exact,True,False
0x006e4d082359d878e6007614d497eac0f810fa91,USDC,0xd7852e139a7097e119623de0751ae53a61efb442,2025-10-13 20:22:11+00:00,0x5db705d7e1be2c3f0da985733d3b528531307598fe16522ff17efd0af2dd2a73,199718886,False,0.001596828309400448,exact,True,False
0x0072e8a41e1179589ec55493b7302ed080067f8c,USDT,0x9901bac880caecad999e292811db9c1db3e86f8a,2023-08-08 13:53:47+00:00,0x5d114f3159e730db642595ef8853b2f23087a7a0abe5d45b10167b45fbb05e0c,10000000000,False,0.00094452830543106,exact,True,False
0x00740648c7c78b19d4524adae668e756cfb22f8a,USDC,0xd7852e139a7097e119623de0751ae53a61efb442,2025-02-11 21:57:11+00:00,0x74e7c1913384c73d8f80cbf7c6f0dd8e330f37a1a47bf807e5d435d6875d59c1,16050346436,False,0.001408754013660435,exact,True,False
0x007f9cce9dee3f2bbee01aa0d9b4e7c37373ba33,USDT,0xd7852e139a7097e119623de0751ae53a61efb442,2024-11-15 01:19:47+00:00,0xe278faaea5d5b1f5dd4cce27a9414c13aff10509f56b6c7c2ff5923df9614008,291145113,False,0.01403166646543317,exact,True,False
0x0089da2b5820383ab936bfacc2d3e4e0d755c4b9,USDT,0x48fa2e622c8eea92bc782706745bfbff65077c60,2025-07-16 05:30:47+00:00,0x1701d47f196c57ba905004e3b81dd3b09f0825962a2accb76db32a362354824b,115792089237316195423570985008687907853269984665640564039457584007913129639935,False,9.141441749727e-05,unlimited,True,True
0x008e6f88ae8c3dfbcc51b0f5064877b4a322ebd9,USDT,0xb748952c7bc638f31775245964707bcc5ddfabfc,2023-08-11 14:24:23+00:00,0x635e66b1713809fff855ea4896e2c0931a1a4c8d37986ee4422671e7ba773328,1185596644,False,0.0286571815230714,exact,True,False
0x00917c372fa5e0c7fe8ecc04ceea2670e18d3786,USDC,0x8761e0370f94f68db8eaa731f4fc581f6ad0bd68,2024-03-08 23:38:47+00:00,0x434f570037beb0a076d035c2fa63839f595429d7983f341644972f51ac724d42,6226884025,False,0.0468244716572922,exact,True,False
0x00940ce784f3ec16faf5a51d48fb517cf32d6f53,DAI,0x8761e0370f94f68db8eaa731f4fc581f6ad0bd68,2023-11-16 14:06:47+00:00,0xbf35171eaa18293cf2ed546eb9330b6e9b400b24acf8ad864be347e9cc9eb43a,158867781653733600000000,False,0.046634417245222576,exact,True,False
0x00940ce784f3ec16faf5a51d48fb517cf32d6f53,USDC,0x8761e0370f94f68db8eaa731f4fc581f6ad0bd68,2024-07-15 14:52:59+00:00,0x66f0b252455ce8afd0c11b28c2da5176ef398ee0fe183c2b7432ad9a1a34c2a6,129459066767,False,0.015282791456578303,exact,True,False
0x00940ce784f3ec16faf5a51d48fb517cf32d6f53,USDC,0x8f30adaa6950b31f675bf8a709bc23f55aa24735,2023-08-29 14:46:11+00:00,0x12bc803d11e2441bb3a3ed460a6373d06d0aeefb3b5e439f0973bfa4f16b1d63,27108586974,False,0.10347643459079574,exact,True,False
0x00940ce784f3ec16faf5a51d48fb517cf32d6f53,USDT,0x8f30adaa6950b31f675bf8a709bc23f55aa24735,2023-09-28 15:09:47+00:00,0x5d9fc9b67e47b4b9b1b388a0abb298e7dc3f6295fb1fb3deba25ed5a6af99d0e,94733896655,False,0.022224063005247808,exact,True,False
0x00940ce784f3ec16faf5a51d48fb517cf32d6f53,USDT,0xd7852e139a7097e119623de0751ae53a61efb442,2025-02-02 02:13:23+00:00,0x269f1b2afc3fc9d1e7e70410bc10ebb031f1f90fa64969ee1847e2752f0f173c,16156872356,False,0.002037677265095916,exact,True,False
0x0099681772133dc7eb903e24230022392646b66e,USDC,0xd7852e139a7097e119623de0751ae53a61efb442,2025-08-16 08:25:47+00:00,0x63687ebbfae18597544f773aae07a7f9354ffb1cf651ea07d5fce39b858b61f5,122550442403,False,0.001473213865029324,exact,True,False
0x0099681772133dc7eb903e24230022392646b66e,USDT,0xd7852e139a7097e119623de0751ae53a61efb442,2025-08-16 14:14:11+00:00,0x894d8e83f49597b1f2da8b759b78b653772725d117cc5f6fdec66323a93a3545,119971493412,False,0.00138784188219195,exact,True,False
0x009ae54bf26fccaa4c5a1443ebded3e472849371,USDC,0x6c6a67864373a6816632e26a5f397568319f6cc5,2025-09-18 07:49:47+00:00,0x57af9d0b838a1b26d4e8ecc94ce9821bf70acf653f716cb0e38657b31521c004,0,True,0.000501767661209373,revocation,False,False
0x009ae54bf26fccaa4c5a1443ebded3e472849371,USDC,0xd7852e139a7097e119623de0751ae53a61efb442,2025-09-17 08:14:59+00:00,0x033ec8884aec232779989731316f484752d2d111c04ae89c16571aeab5b4241e,180119066576,False,0.00035999720249746,exact,True,False
0x009ae54bf26fccaa4c5a1443ebded3e472849371,USDT,0x6c6a67864373a6816632e26a5f397568319f6cc5,2025-09-21 09:43:35+00:00,0xc487bf4d3ce5d35b7ea16623d5ed218f085fc232caf66c6136f71492fd6bc81b,0,True,0.00037032472353866,revocation,False,False
0x00b4f2c43675f4d818b1019dde4336cd978f6361,USDT,0xd7852e139a7097e119623de0751ae53a61efb442,2024-11-29 10:54:11+00:00,0x0aec40c0a7dd800ac2c96392c54fc024fa5cd95f4308f37ab9dbd040363546b8,848795093,False,0.005838731038406245,exact,True,False
0x00b591bc2b682a0b30dd72bac9406bfa13e5d3cd,USDC,0xb748952c7bc638f31775245964707bcc5ddfabfc,2023-08-04 19:25:59+00:00,0x356210dbc8e4ec916b9f5906a8db90cd396b829fdc178d41e3d6bde083e6eb18,1742497368,False,0.01895014933979647,exact,True,False
