wallet,token_symbol,spender,block_time,tx_hash,amount_raw,is_revoke,gas_used,gas_cost_eth,max_priority_fee_per_gas,approval_type,outstanding,is_unlimited
0x00000000206ad3e31dfff979ccef06de72a9e027,USDC,0x0000151d008235a6cc00004f00fa2bdf9df95400,2024-10-10 18:12:59+00:00,0xdc1bf3f1702e637edb20f88d98e91a11f3e373aea082b47cf00b755662acc4be,41875760598,False,35598,0.000861007038553224,673969245,exact,True,False
0x00000000206ad3e31dfff979ccef06de72a9e027,USDC,0x5c7bcd6e7de5423a257d81b442095a1a6ced35c5,2025-04-02 14:42:47+00:00,0x10a921f0efd7795de9cc4bd276225d112e0abe8ee336025458296ad86e005512,3000000,False,55558,0.00013132048590271,914743136,exact,True,False
0x00000000206ad3e31dfff979ccef06de72a9e027,USDC,0x6352a56caadc4f1e25cd6c75970fa768a3304e64,2025-12-02 15:14:23+00:00,0x0bce1c84d3fd242a6159f6d4929e035c7b756b4ccfcaf31a83bb2f4d42c34b8e,50000,False,55546,0.000170909384417716,2000000000,exact,True,False
0x00000000206ad3e31dfff979ccef06de72a9e027,USDC,0x6a000f20005980200259b80c5102003040001068,2025-12-12 23:20:47+00:00,0xf649ed2e1dcb765a7e1e725d2961dac8cec859a25655310a053c0afa2fe932df,200000,False,55510,5.954655863884e-05,1004000000,exact,True,False
0x00000000206ad3e31dfff979ccef06de72a9e027,USDC,0xe72ecea44b6d8b2b3cf5171214d9730e86213ca2,2025-08-25 14:43:47+00:00,0xde17a5228471cc954a537f2bc5258377c138e0c02f447ff4726862c9b7de78b5,12121797177,False,55582,8.2271372152406e-05,1000000000,exact,True,False
0x00000000206ad3e31dfff979ccef06de72a9e027,USDT,0x0000151d008235a6cc00004f00fa2bdf9df95400,2024-10-10 18:01:35+00:00,0xbd7a9c3e610cfc96ca76908ab82b9e28cd28aaeb9be416a98cf1becd8e422acb,28886887895,False,48489,0.001286704783961247,1825346000,exact,True,False
0x00000ec1928430989d3acc2bdc6bfe74b04bf30c,USDC,0x111111125421ca6dc452d289314280a0f8842a65,2026-02-11 08:16:59+00:00,0x84665ce3cd1b4bd0152257926705da4ce653420ca7fb4bbfdaa4cf590790d6d6,14995270000,False,55582,0.000114242270726402,2000000000,exact,True,False
0x00000ec1928430989d3acc2bdc6bfe74b04bf30c,USDC,0x89c6340b1a1f4b25d36cd8b063d49045caf3f818,2026-01-12 15:51:11+00:00,0x31843e68747f278c94c255fc241a3069d720d9c8263d4ec70c489666d9b45e28,14000000000,False,1879637,0.004136406918347409,2000000000,exact,True,False
0x00000ec1928430989d3acc2bdc6bfe74b04bf30c,USDT,0x000000000022d473030f116ddee9f6b43ac78ba3,2026-02-11 08:21:47+00:00,0xc8b159d3817acc5426589eabb8f153f54d5f4cc95b7a916f01ea90a9de7831e7,115792089237316195423570985008687907853269984665640564039457584007913129639935,False,48837,0.000100511081834049,2000000000,unlimited,True,True
0x0000337fc3dbc479b02907f97c1638de5c9cd537,USDC,0x3b4d794a66304f130a4db8f2551b0070dfcf5ca7,2025-12-27 18:55:47+00:00,0x1ca604b9068997aefe70b92337456901c290e531ef3318ce850cff7dce0fa69a,3106664778,False,55558,1.480890600764e-06,2,exact,True,False
0x0000337fc3dbc479b02907f97c1638de5c9cd537,USDC,0x5c7bcd6e7de5423a257d81b442095a1a6ced35c5,2025-09-06 15:04:11+00:00,0x0b1f569396fc0c4be0de1d17e24358533484c6f301df3d87a6eeb7afe4321035,115792089237316195423570985008687907853269984665640564039457584007913129639935,False,55906,8.119705761334e-06,34510,unlimited,True,True
0x0000337fc3dbc479b02907f97c1638de5c9cd537,USDC,0xac4c6e212a361c968f1725b4d055b47e63f80b75,2025-12-20 03:29:47+00:00,0x91adab0537f1bf6f818bd74aefac30b3202d5f8ade3eedeffd672cd593c25e52,115792089237316195423570985008687907853269984665640564039457584007913129639935,False,55906,7.13913582152e-06,100000002,unlimited,True,True
0x0000337fc3dbc479b02907f97c1638de5c9cd537,USDT,0x604dd02d620633ae427888d41bfd15e38483736e,2025-12-25 16:38:47+00:00,0xa5d24703fd1190b74e63bd6700beed46041a3ad5388b116432b52938780c80d8,115792089237316195423570985008687907853269984665640564039457584007913129639935,False,48897,1.724991250923e-06,2,unlimited,True,True
0x0000337fc3dbc479b02907f97c1638de5c9cd537,USDT,0xac4c6e212a361c968f1725b4d055b47e63f80b75,2025-12-27 18:53:35+00:00,0x5cc117a13165ca93bfe1f2cf27b89ca45ba4ffd9e90c3ea39b2d940623f66d2e,3107860000,False,48561,1.346901590202e-06,2,exact,True,False
0x00014f7351e4b239e290816f89d9a42afdb9e964,USDC,0x1231deb6f5749ef6ce6943a275a1d3e7486f4eae,2026-02-27 01:53:11+00:00,0x8444ca4fe6d814af49fc690d158fe499ca900666e8da13700a19e81dc9ed5773,0,True,35622,2.27876979681e-06,500000000,revocation,False,False
0x00014f7351e4b239e290816f89d9a42afdb9e964,USDC,0x337685fdab40d39bd02028545a4ffa7d287cc3e2,2026-02-23 07:07:11+00:00,0x3b379c3fe21ee1ab1f3011a6db065d59d342947a8e2a31fc2de1c6957356cca7,0,True,35622,1.995900375024e-06,,revocation,False,False
0x00014f7351e4b239e290816f89d9a42afdb9e964,USDC,0x69460570c93f9de5e2edbc3052bf10125f0ca22d,2025-10-12 22:50:23+00:00,0xf3af2ee4a7200faf213125d10db7edad367a156413fddaad3a149dca6da7f70d,0,True,35622,7.633824486858e-06,38635328,revocation,False,False
0x00014f7351e4b239e290816f89d9a42afdb9e964,USDT,0x1231deb6f5749ef6ce6943a275a1d3e7486f4eae,2025-12-07 17:24:59+00:00,0x0013cb67349131e9d14b27189945f435979c7a32cb8fc3985ec525fff11ea9cd,0,True,28420,1.517211217858e-05,261069057,revocation,False,False
0x00014f7351e4b239e290816f89d9a42afdb9e964,USDT,0x69460570c93f9de5e2edbc3052bf10125f0ca22d,2025-08-25 00:51:59+00:00,0xa117901749fe5869cf8476693dac90244f42f3917b7789381440d31bf8301faf,0,True,28420,2.038673732032e-05,364928908,revocation,False,False
0x00041b756f6f875a65c5281f21ebd732dedfdd74,USDC,0x0000000000001ff3684f28c67538d4d072c22734,2026-01-17 01:49:35+00:00,0xb28c9514ef29c2e4d5bd520e598fbf7a78ffc8b2e3a664645eac25ec7f1492ac,115792089237316195423570985008687907853269984665640564039457584007913129639935,False,55834,6.559322430166e-06,79000000,unlimited,True,True
0x00041b756f6f875a65c5281f21ebd732dedfdd74,USDC,0x40aa958dd87fc8305b97f2ba922cddca374bcd7f,2026-01-17 01:48:59+00:00,0x68af61d4b9d66aeda4736949a31e70d15c77d2438ffb90396a1ab4d591dee736,115792089237316195423570985008687907853269984665640564039457584007913129639935,False,55906,6.314847638534e-06,79000000,unlimited,True,True
0x0006ff1eb23d56f20a7c99046caa2a746d1ca9a4,USDT,0x1231deb6f5749ef6ce6943a275a1d3e7486f4eae,2026-02-24 14:55:11+00:00,0x65ba7c0fdad9646af6e6ac4635bee78f2d197714717c0254d6196e660edb967b,106374455,False,48561,2.0388176909847e-05,79000000,exact,True,False
0x0006ff1eb23d56f20a7c99046caa2a746d1ca9a4,USDT,0x40aa958dd87fc8305b97f2ba922cddca374bcd7f,2026-02-23 18:42:59+00:00,0xdd3d80c748a2d1329f087634466019debc11f5f6f5b87330c75debe00980205b,115792089237316195423570985008687907853269984665640564039457584007913129639935,False,48897,7.972426718658e-06,79000000,unlimited,True,True
0x0007fcf5590179336c826a60c80976623c7bbc29,USDC,0x000000000022d473030f116ddee9f6b43ac78ba3,2025-12-09 21:49:35+00:00,0x2749eb1c46e55e3c5ef69ccdf92bcefef3164cf4679ac591172b3b6700e6d453,5007445005,False,35622,7.8341919103908e-05,2000000000,exact,True,False
0x0007fcf5590179336c826a60c80976623c7bbc29,USDC,0x111111125421ca6dc452d289314280a0f8842a65,2025-12-09 13:46:11+00:00,0xf522f2a527677b61e78dd8cef90583e467d0649e4ddbf5cc52e51d77ceb68bd3,5007445005,False,38482,8.5131201717952e-05,2000000000,exact,True,False
0x0007fcf5590179336c826a60c80976623c7bbc29,USDC,0x6131b5fae19ea4f9d964eac0408e4408b66337b5,2025-12-10 20:01:23+00:00,0x32c6d25a36170fe85b04ba6322a89c57166314c2ac878c3135d04d29adfb555b,5007445005,False,38482,8.3266106014624e-05,2000000000,exact,True,False
0x0007fcf5590179336c826a60c80976623c7bbc29,USDC,0x6a000f20005980200259b80c5102003040001068,2025-12-09 21:45:59+00:00,0x9d92063d71da795400eebf35d52fe2dd33664fcc58c36f8849c2d2ce9150b0b2,5007445005,False,38434,8.4592128522858e-05,2000000000,exact,True,False
0x0007fcf5590179336c826a60c80976623c7bbc29,USDC,0xbbbfd134e9b44bfb5123898ba36b01de7ab93d98,2025-08-11 04:39:59+00:00,0x410f6dc3ae2c825b72c0642a0a6f89e1ebff7cb37505f2a696af2f5116a3fc19,1611649866,False,38470,8.833819674404e-05,2000000000,exact,True,False
0x0007fcf5590179336c826a60c80976623c7bbc29,USDC,0xcf5540fffcdc3d510b18bfca6d2b9987b0772559,2025-12-10 20:02:35+00:00,0xc89794e6bc4b21b1efaa064087bde7ae32c61579e73163b5393f070f8d71bbbc,5007445005,False,38482,8.2611483863892e-05,2000000000,exact,True,False
0x0007fcf5590179336c826a60c80976623c7bbc29,USDT,0x000000000022d473030f116ddee9f6b43ac78ba3,2025-12-08 21:55:35+00:00,0xdc860338d28052da469649e5b41e900c7e2f013db62f65188711ce83d9f16963,5006471484,False,48513,0.000111649501746639,2000000000,exact,True,False
0x0007fcf5590179336c826a60c80976623c7bbc29,USDT,0x111111125421ca6dc452d289314280a0f8842a65,2025-11-17 19:36:35+00:00,0x19e0a70b2c9cdab53273e9af1fd8bdc9e0364a81b1846d926834aa0cd2bbb33b,3007720281,False,48561,0.000185287842906852,2000000000,exact,True,False
0x0007fcf5590179336c826a60c80976623c7bbc29,USDT,0x6131b5fae19ea4f9d964eac0408e4408b66337b5,2025-12-01 05:49:11+00:00,0x61c743d2727092a82054301dbd87c50f97ed8834d2deddf2fb473c71e87d14a5,3035082678,False,48561,9.9550959936018e-05,2000000000,exact,True,False
0x0007fcf5590179336c826a60c80976623c7bbc29,USDT,0x6a000f20005980200259b80c5102003040001068,2025-12-08 21:55:11+00:00,0x125991f87ce95d4583efec46840831a74342b85cd1f8707873c77923a3788f9d,5006471484,False,48525,0.00011102277132375,2000000000,exact,True,False
0x0007fcf5590179336c826a60c80976623c7bbc29,USDT,0x881d40237659c251811cec9c364ef91dc08d300c,2023-04-08 13:47:47+00:00,0x710682ecc3454fa16173c1d17026b25cf113beeb768c6e79091bd079a3654c6c,115792089237316195423570985008687907853269984665640564039457584007913129639935,False,48897,0.000937582345969002,300000000,unlimited,True,True
0x0007fcf5590179336c826a60c80976623c7bbc29,USDT,0xbbbfd134e9b44bfb5123898ba36b01de7ab93d98,2025-08-13 09:57:11+00:00,0x2d34ab02413c49a179cfbed7279baee8d05d2ff18548ebefc86098da74021456,1611831663,False,48561,0.000136438742439858,2000000000,exact,True,False
0x000802c7fa4de57e6dc22d9ee4295147519c7486,USDC,0x1231deb6f5749ef6ce6943a275a1d3e7486f4eae,2025-10-23 21:19:11+00:00,0xbe1269cf4c49a98fcdc275d65499004cc8f4dc683273bf1e7116e4a33276d648,16766325,False,55558,1.2154118257674e-05,79000000,exact,True,False
0x000802c7fa4de57e6dc22d9ee4295147519c7486,USDC,0x40aa958dd87fc8305b97f2ba922cddca374bcd7f,2025-10-25 11:00:35+00:00,0x80d1733eb01854660a0a607497b3cebc01969df6b37e49ac7cf2b20c72438f33,115792089237316195423570985008687907853269984665640564039457584007913129639935,False,55906,9.326409377394e-06,79000000,unlimited,True,True
0x000960bc7b1ae1313668ae8b936970ffe2404700,USDC,0x0d05a7d3448512b78fa8a9e46c4872c88c4a0d05,2025-09-07 17:43:11+00:00,0x983a4d505282152663075a5dc5f9de0f88f3b2f13e78be31845812410dcf3a16,115792089237316195423570985008687907853269984665640564039457584007913129639935,False,55906,2.571676e-05,460000000,unlimited,True,True
0x000960bc7b1ae1313668ae8b936970ffe2404700,USDC,0x5f78b2b5fc84a9a4f4111e0881d483ca92693f92,2025-12-12 19:18:23+00:00,0x23852ff0198eec4655d2fb3ad38915a3aba9cd55e67e7096adb686b9a114a1b6,862150862150862150862150000000000000000000,False,6307525,0.000243923414677775,10000000,exact,True,False
0x000960bc7b1ae1313668ae8b936970ffe2404700,USDC,0x67755124d8e4965c5c303ffd15641db4ff366e47,2025-12-30 14:43:35+00:00,0x89f82c2182aa8059e4f580daea10cbb050f8f317d6ccd6906c64f51fb33e589d,4800000000480000000048000000004800000000,False,1371425,0.00011230146480465,30000000,exact,True,False
0x000960bc7b1ae1313668ae8b936970ffe2404700,USDC,0x881d40237659c251811cec9c364ef91dc08d300c,2025-12-12 21:50:11+00:00,0xfa08fb69cde2f9a5e309623f70556705341f933d7800ee964d1263772de0d9d9,24840568,False,55570,0.00011317005678868,2000000000,exact,True,False
0x000960bc7b1ae1313668ae8b936970ffe2404700,USDC,0xa79828df1850e8a3a3064576f380d90aecdd3359,2025-12-25 17:34:11+00:00,0x5be1cdacd19a29935805dcadbc748ea508047100af803b7e3c7151f2cb858ec1,115792089237316195423570985008687907853269984665640564039457584007913129639935,False,55906,5.743885362946e-05,1000000000,unlimited,True,True
0x000960bc7b1ae1313668ae8b936970ffe2404700,USDT,0x000000000022d473030f116ddee9f6b43ac78ba3,2025-09-09 17:33:11+00:00,0xf13626bde8772a8f22ba63d22d5119319b64e6d3ebca866f186f8c8c03b7590c,115792089237316195423570985008687907853269984665640564039457584007913129639935,False,48837,7.8138515402934e-05,917471497,unlimited,True,True
0x000960bc7b1ae1313668ae8b936970ffe2404700,USDT,0x881d40237659c251811cec9c364ef91dc08d300c,2025-12-08 10:21:47+00:00,0x8523473b41f1895d354bd966ce82c0de4f0128a14da12260541612bf8f39b0e0,115792089237316195423570985008687907853269984665640564039457584007913129639935,False,48897,0.000118785964615596,2100000001,unlimited,True,True
0x000b8d1b463172d7de4bf12d914216c5aa596d53,USDT,0x000000000022d473030f116ddee9f6b43ac78ba3,2026-02-27 23:22:35+00:00,0x06cf1a3ade42da60129a9359d2540ddb0eaf2f8dd93dfa29c78ce0721d7327c5,100000000,False,48489,1.4814636200679e-05,254141262,exact,True,False
0x000b8d1b463172d7de4bf12d914216c5aa596d53,USDT,0x31c2f6fcff4f8759b3bd5bf0e1084a055615c768,2025-10-08 07:45:59+00:00,0x8a9cdec63606b29e3cdedaad911b2890119a58d23581459725461cef9daa2649,20000000,False,48549,3.3271670007972e-05,500000000,exact,True,False
0x000b8d1b463172d7de4bf12d914216c5aa596d53,USDT,0x40aa958dd87fc8305b97f2ba922cddca374bcd7f,2026-02-27 23:25:23+00:00,0x0675b75615ad60f257f559766f32fb763894a3dd66b9d425fd22223e858bfd65,115792089237316195423570985008687907853269984665640564039457584007913129639935,False,48897,2.990003826528e-06,13785597,unlimited,True,True
0x000b8d1b463172d7de4bf12d914216c5aa596d53,USDT,0x5c20b550819128074fd538edf79791733ccedd18,2026-02-12 02:00:47+00:00,0x1fe609c0353c0a19262faea256aac6ce4aa629bca42f9258c263c9e8233e9526,1000000000,False,124890,9.43590771261e-06,38588279,exact,True,False
0x0012389d4b1f93f5fc6eff53216afc73ff0b3dd9,DAI,0xba12222222228d8ba445958a75a0704d566bf2c8,2025-11-03 10:34:23+00:00,0x1afd957df59463372c23bf2cb270727b6f166186e3dbe89508b33b35934ad27f,0,True,24174,1.1408286497202e-05,,revocation,False,False
0x0012389d4b1f93f5fc6eff53216afc73ff0b3dd9,USDC,0x000000000022d473030f116ddee9f6b43ac78ba3,2025-11-17 05:52:35+00:00,0x2818a6c4c0e713fe703f0e7b811737a90db498e1ea69345489a2ca34a676f130,500000000,False,38398,5.813930570544e-06,3363067835,exact,True,False
