wallet,token_symbol,side,spender,block_number,block_time,tx_hash,amount_raw,unlimited,huge_exact,pair_strict_reverse
0x00e4ec0f0d570841edddf9b08fbe259be57c8aa1,USDT,sushi,0xd9e1ce17f2641f24ae83637ab66a2cca9c378b9f,24037948,2025-12-18 07:17:59+00:00,0x4f8cf56d127efd3a850a4437f73de26d27996aed6f0be23743ee3ad548a2aad0,1000000,False,False,True
0x00e4ec0f0d570841edddf9b08fbe259be57c8aa1,USDT,sushi,0xac4c6e212a361c968f1725b4d055b47e63f80b75,24037974,2025-12-18 07:23:11+00:00,0xfc43ab3ce0f7acc355b259f0268a251b0d07fefc75e381b4a5bea1718c5c885d,200000,False,False,True
0x00e4ec0f0d570841edddf9b08fbe259be57c8aa1,USDT,sushi,0xac4c6e212a361c968f1725b4d055b47e63f80b75,24037989,2025-12-18 07:26:11+00:00,0xa917ae049d41d6384a754a9162af45e4f1e28313e3871522337cb429f958f631,115792089237316195423570985008687907853269984665640564039457584007913129639935,True,False,True
0x00e4ec0f0d570841edddf9b08fbe259be57c8aa1,USDC,uniswap,0x7a250d5630b4cf539739df2c5dacb4c659f2488d,24334165,2026-01-28 15:13:59+00:00,0x9fef45c36863458b206f6f7b7f37aaa6fb6a0531747181c0d3d9add3b2f0ee01,115792089237316195423570985008687907853269984665640564039457584007913129639935,True,False,False
0x00e4ec0f0d570841edddf9b08fbe259be57c8aa1,USDC,uniswap,0x000000000022d473030f116ddee9f6b43ac78ba3,24336817,2026-01-29 00:06:23+00:00,0x852af12861df54589a860414b58227e40403f9fa6047bbff824df006b765269d,115792089237316195423570985008687907853269984665640564039457584007913129639935,True,False,False
0x00e4ec0f0d570841edddf9b08fbe259be57c8aa1,USDT,uniswap,0x68b3465833fb72a70ecdf485e0e4c7bd8665fc45,24402099,2026-02-07 02:56:11+00:00,0x5cb1fa672d802eacc18f07d117028a44fa23120be91f9db7a2d9990c2eb27a59,92021,False,False,True
0x09d41fefde5d7868d4da99003d65afe95a485ef4,USDT,uniswap,0x000000000022d473030f116ddee9f6b43ac78ba3,20973299,2024-10-15 20:17:59+00:00,0x5463f47a2577ace500397db369616c77009e7ef4596dda0dc9bc125cddc7abee,100480137,False,False,False
0x09d41fefde5d7868d4da99003d65afe95a485ef4,USDT,uniswap,0x000000000022d473030f116ddee9f6b43ac78ba3,21020519,2024-10-22 10:27:47+00:00,0x7c20c8fc4390742a455500e98281a7050adf8c16e40eda5924af1e36db054993,115792089237316195423570985008687907853269984665640564039457584007913129639935,True,False,False
0x09d41fefde5d7868d4da99003d65afe95a485ef4,USDT,uniswap,0x7a250d5630b4cf539739df2c5dacb4c659f2488d,21020655,2024-10-22 10:55:11+00:00,0x95d66df904f726901e7c110e71bbba828dd5961785c16a60e63d16d9fafd8e6d,1000000000000000,False,False,False
0x09d41fefde5d7868d4da99003d65afe95a485ef4,USDT,uniswap,0xe592427a0aece92de3edee1f18e0157c05861564,24426927,2026-02-10 14:19:35+00:00,0xd0f9938c18967c5bef7742a97c95a8b04cf08541cd8ed10daabee4d73445830c,115792089237316195423570985008687907853269984665640564039457584007913129639935,True,False,False
0x09d41fefde5d7868d4da99003d65afe95a485ef4,USDT,uniswap,0x7a250d5630b4cf539739df2c5dacb4c659f2488d,24470270,2026-02-16 15:26:35+00:00,0x6972d114da9edbf935674695cc8e8dfdced0becce9c6433cca39c1cc7258e938,115792089237316195423570985008687907853269984665640564039457584007913129639935,True,False,False
0x09d41fefde5d7868d4da99003d65afe95a485ef4,USDT,sushi,0xd9e1ce17f2641f24ae83637ab66a2cca9c378b9f,24470276,2026-02-16 15:27:47+00:00,0x93a1ebcdb82872615d9da6e0bb93e6a4ee71e6a4509b805f5db9ffd46c07ad12,115792089237316195423570985008687907853269984665640564039457584007913129639935,True,False,False
0x09d41fefde5d7868d4da99003d65afe95a485ef4,USDC,uniswap,0xe592427a0aece92de3edee1f18e0157c05861564,24470280,2026-02-16 15:28:35+00:00,0x0dfcd3d8a2bd7772b3219aa82918f4a48ab559eb9fe7a2ef16a4a5c39a18cfa1,115792089237316195423570985008687907853269984665640564039457584007913129639935,True,False,False
0x09d41fefde5d7868d4da99003d65afe95a485ef4,USDC,uniswap,0x7a250d5630b4cf539739df2c5dacb4c659f2488d,24470281,2026-02-16 15:28:47+00:00,0x124034b997693c7255c178be12dc385a6e08ba9ff2f897ea815bd7a8ba7135a1,115792089237316195423570985008687907853269984665640564039457584007913129639935,True,False,False
0x09d41fefde5d7868d4da99003d65afe95a485ef4,USDC,sushi,0xd9e1ce17f2641f24ae83637ab66a2cca9c378b9f,24470283,2026-02-16 15:29:11+00:00,0x58671af7f0729dd391c3c3b783c39acd4ef0e386d6c06ed64dc869909649fec4,115792089237316195423570985008687907853269984665640564039457584007913129639935,True,False,False
0x1cb0db7f52826f741c8e1af4631686f2a0395dc3,USDT,uniswap,0x000000000022d473030f116ddee9f6b43ac78ba3,17345372,2023-05-26 19:33:47+00:00,0x793cb611d1719409e153f580883129cda1bd80fd8f49de92a7f7a71c1b86c68a,115792089237316195423570985008687907853269984665640564039457584007913129639935,True,False,False
0x1cb0db7f52826f741c8e1af4631686f2a0395dc3,DAI,uniswap,0x000000000022d473030f116ddee9f6b43ac78ba3,17494785,2023-06-16 20:30:59+00:00,0x73b1c5f5020440e54c2090f29bb79477d5bcd3cb08d8e7381851a5c13fe130ea,115792089237316195423570985008687907853269984665640564039457584007913129639935,True,False,False
0x1cb0db7f52826f741c8e1af4631686f2a0395dc3,USDT,uniswap,0x000000000022d473030f116ddee9f6b43ac78ba3,17665276,2023-07-10 19:16:23+00:00,0x37d50e2c9b06b3a1dfd0342e28e2a732e751c5444b02219fbbcb808ef144f4f9,115792089237316195423570985008687907853269984665640564039457584007913129639935,True,False,False
0x1cb0db7f52826f741c8e1af4631686f2a0395dc3,USDT,uniswap,0x000000000022d473030f116ddee9f6b43ac78ba3,17665284,2023-07-10 19:17:59+00:00,0x3dfc6e366924d892b1ff3d5e8ef89769b582ce4af025212f3a36c0417305914f,115792089237316195423570985008687907853269984665640564039457584007913129639935,True,False,False
0x1cb0db7f52826f741c8e1af4631686f2a0395dc3,USDT,uniswap,0x000000000022d473030f116ddee9f6b43ac78ba3,17665300,2023-07-10 19:21:11+00:00,0xfb805872c4fef5df1415f4d9281370674a287920af7953343549ded3ff89b5e5,115792089237316195423570985008687907853269984665640564039457584007913129639935,True,False,False
0x1cb0db7f52826f741c8e1af4631686f2a0395dc3,USDC,uniswap,0x000000000022d473030f116ddee9f6b43ac78ba3,17684517,2023-07-13 12:15:59+00:00,0x51f004b238755fd60d65f78dca95e4b42528f341ed02c9395330fbe69a7777e3,115792089237316195423570985008687907853269984665640564039457584007913129639935,True,False,False
0x1cb0db7f52826f741c8e1af4631686f2a0395dc3,USDT,uniswap,0x000000000022d473030f116ddee9f6b43ac78ba3,17915811,2023-08-14 21:36:35+00:00,0x068c1e155d98356d72aa19ee9afccfe5ea9ae94d9aea70bc74870e35c9b27455,20000000000,False,False,False
0x1cb0db7f52826f741c8e1af4631686f2a0395dc3,USDT,sushi,0xac4c6e212a361c968f1725b4d055b47e63f80b75,22475227,2025-05-13 15:35:47+00:00,0xd66d30c28ff6d2c58667a477f7f0bae475c982a304a5972891103621312127ff,761230000,False,False,False
0x1cb0db7f52826f741c8e1af4631686f2a0395dc3,USDT,uniswap,0x000000000022d473030f116ddee9f6b43ac78ba3,22632386,2025-06-04 16:12:35+00:00,0x2fbac5492b28026c166032c893f7cdfb45822d7de2fdaab0113ce4e3a2ff511e,115792089237316195423570985008687907853269984665640564039457584007913129639935,True,False,False
0x1cb0db7f52826f741c8e1af4631686f2a0395dc3,USDT,sushi,0xac4c6e212a361c968f1725b4d055b47e63f80b75,22677475,2025-06-10 23:33:47+00:00,0x583ab43acd9414a345962e400f727c6299c849f62ff20ccbe38fdab9bc16ed20,115792089237316195423570985008687907853269984665640564039457584007913129639935,True,False,False
0x1cb0db7f52826f741c8e1af4631686f2a0395dc3,USDC,sushi,0xac4c6e212a361c968f1725b4d055b47e63f80b75,22834539,2025-07-02 22:31:47+00:00,0x41bc2a5d6fb803f2be4351b9144bb33b1742d944cf0191caab38fe6fb1a67ba3,115792089237316195423570985008687907853269984665640564039457584007913129639935,True,False,False
0x1d1ac009bf6d9d454b23331db947152d67ab125a,USDT,uniswap,0x000000000022d473030f116ddee9f6b43ac78ba3,20656280,2024-09-01 14:20:59+00:00,0x7ee116fac0e8e7d80a05b3cb13d5ca188a4ecd490da6d2fbdcda5a5d871a2e7d,961734933,False,False,False
0x1d1ac009bf6d9d454b23331db947152d67ab125a,USDC,uniswap,0x000000000022d473030f116ddee9f6b43ac78ba3,22413483,2025-05-04 22:51:35+00:00,0xbbbe8ff4e58e79679dc459e34a0e33bc546e3c77a6136e45b739f62bc836bc17,209000000,False,False,False
0x1d1ac009bf6d9d454b23331db947152d67ab125a,USDC,uniswap,0x000000000022d473030f116ddee9f6b43ac78ba3,22604825,2025-05-31 19:35:35+00:00,0xbc2e78d6954d3d3806d5ddbac1b9cf877de685f4f5118bfe4c2897e51e0944aa,6884838120,False,False,False
0x1d1ac009bf6d9d454b23331db947152d67ab125a,USDC,uniswap,0x000000000022d473030f116ddee9f6b43ac78ba3,22606092,2025-05-31 23:49:59+00:00,0x0910c5e868047d16316d43915652275d7c9381a8ba8520d73e7882a66240a61f,256063390,False,False,False
0x1d1ac009bf6d9d454b23331db947152d67ab125a,USDC,uniswap,0x000000000022d473030f116ddee9f6b43ac78ba3,23026222,2025-07-29 17:16:35+00:00,0x84a4bf00156809e9fa6507f980711d4ee6d8dfb04d1e914bdb82441281e40e8d,115792089237316195423570985008687907853269984665640564039457584007913129639935,True,False,False
0x1d1ac009bf6d9d454b23331db947152d67ab125a,USDT,uniswap,0x000000000022d473030f116ddee9f6b43ac78ba3,23055238,2025-08-02 18:42:35+00:00,0xb4fabf96da6260529da55aa81791927e1d590294805e4e3d56ad3f45938d9229,115792089237316195423570985008687907853269984665640564039457584007913129639935,True,False,False
0x1d1ac009bf6d9d454b23331db947152d67ab125a,USDT,sushi,0xac4c6e212a361c968f1725b4d055b47e63f80b75,24130563,2025-12-31 05:36:59+00:00,0xde40027b0bba648d6aa9916e824020e981b6fd33f2631bd74d49f4a23f37c186,115792089237316195423570985008687907853269984665640564039457584007913129639935,True,False,False
0x1d1ac009bf6d9d454b23331db947152d67ab125a,USDC,sushi,0xac4c6e212a361c968f1725b4d055b47e63f80b75,24150342,2026-01-02 23:49:11+00:00,0xa6da378623fe131cd7f6dc1ce89ffb9e215e2714d14ae037106d2c863bf3b1bb,115792089237316195423570985008687907853269984665640564039457584007913129639935,True,False,False
0x328bbe7f59a5682789acdbd796ad26aa8d515988,DAI,uniswap,0x000000000022d473030f116ddee9f6b43ac78ba3,18706873,2023-12-03 15:52:11+00:00,0xaf854ad300d1f08355e4d13ea8d8821391bf9ba70ae492f55bf7b26063aa5003,115792089237316195423570985008687907853269984665640564039457584007913129639935,True,False,False
0x328bbe7f59a5682789acdbd796ad26aa8d515988,USDC,uniswap,0x000000000022d473030f116ddee9f6b43ac78ba3,18715234,2023-12-04 19:57:59+00:00,0x5b443260f9b9bb01b9390a42c276a45f893664ab711ba6937ea1ed9c7a117004,115792089237316195423570985008687907853269984665640564039457584007913129639935,True,False,False
0x328bbe7f59a5682789acdbd796ad26aa8d515988,USDT,uniswap,0x000000000022d473030f116ddee9f6b43ac78ba3,21222439,2024-11-19 14:40:59+00:00,0x68b163d68e97deb853a360dcad8d24cac91946e50043fa12774a6cc258a1a935,1229090360,False,False,False
0x328bbe7f59a5682789acdbd796ad26aa8d515988,USDC,sushi,0xac4c6e212a361c968f1725b4d055b47e63f80b75,24300329,2026-01-23 21:59:59+00:00,0xee0bcc1f54c6cd13b9b0a0436c218565ceca266e3e1725b9891c515e369af01d,584000000,False,False,False
0x328bbe7f59a5682789acdbd796ad26aa8d515988,USDC,sushi,0xac4c6e212a361c968f1725b4d055b47e63f80b75,24347804,2026-01-30 12:52:35+00:00,0x4385deb6428eb4c667160b8ea2d1b6d8a7b1fd1448fcffa7fcf4541d1e3887ff,115792089237316195423570985008687907853269984665640564039457584007913129639935,True,False,False
0x328bbe7f59a5682789acdbd796ad26aa8d515988,DAI,sushi,0xac4c6e212a361c968f1725b4d055b47e63f80b75,24394399,2026-02-06 01:07:23+00:00,0x71c36cf5fc628f767bb1003fae0fd3d8ddc94ece84ceafebbbb3e0f8076a47d6,115792089237316195423570985008687907853269984665640564039457584007913129639935,True,False,False
0x372c61c371213fe63c875d7e56760d1c343e5b2c,USDT,uniswap,0x000000000022d473030f116ddee9f6b43ac78ba3,16453393,2023-01-21 06:30:35+00:00,0x23acd7beeea81e37fd1ea1b2cefd9ec4ee40e4c87c4755c2fcead13a6d6cc17c,115792089237316195423570985008687907853269984665640564039457584007913129639935,True,False,False
0x372c61c371213fe63c875d7e56760d1c343e5b2c,USDT,uniswap,0x000000000022d473030f116ddee9f6b43ac78ba3,17009688,2023-04-09 08:52:59+00:00,0xdecebf3f267cc19eb0462777a700ace85e459982849b5852909447bebe5996ff,6144731752,False,False,False
0x372c61c371213fe63c875d7e56760d1c343e5b2c,USDT,uniswap,0x000000000022d473030f116ddee9f6b43ac78ba3,17009881,2023-04-09 09:32:35+00:00,0xa3ca5fe32a8f38c1cb13b6c01fe21f353bcd6b88c657e63b1884ff0af656be60,850000000,False,False,False
0x372c61c371213fe63c875d7e56760d1c343e5b2c,USDT,uniswap,0x000000000022d473030f116ddee9f6b43ac78ba3,17009905,2023-04-09 09:37:35+00:00,0x9cd07b51ec71679b340e053d6fc7d8b7af4c47f888e556ce5df12eeb4d18dd90,1000000000,False,False,False
0x372c61c371213fe63c875d7e56760d1c343e5b2c,USDT,uniswap,0x000000000022d473030f116ddee9f6b43ac78ba3,17014289,2023-04-10 00:34:59+00:00,0x491646eb2dadbf643ede7dec621ac2f7e48925bf56b600401d9ec7b28b72c0a4,4645503640,False,False,False
0x372c61c371213fe63c875d7e56760d1c343e5b2c,USDT,uniswap,0x000000000022d473030f116ddee9f6b43ac78ba3,17014321,2023-04-10 00:41:35+00:00,0x2f150a7baeb0a9fed53d1b8ec7b40937f7d8ff991a1b8bdc76a91d627526a047,19974490724,False,False,False
0x372c61c371213fe63c875d7e56760d1c343e5b2c,USDT,uniswap,0x000000000022d473030f116ddee9f6b43ac78ba3,17039393,2023-04-13 15:35:59+00:00,0xdf9f32bf6407345a3c096e94a5c043ff7e93b73f06420d2a28deacea0ba29826,5000000000,False,False,False
0x372c61c371213fe63c875d7e56760d1c343e5b2c,USDT,uniswap,0x000000000022d473030f116ddee9f6b43ac78ba3,17571163,2023-06-27 14:04:59+00:00,0x4bb58a49f06b818b987f6196ce158fb42beda10cc4f1c6c2ee96516004402f12,1000000,False,False,False
0x372c61c371213fe63c875d7e56760d1c343e5b2c,USDT,uniswap,0x000000000022d473030f116ddee9f6b43ac78ba3,17571293,2023-06-27 14:30:59+00:00,0x54f8b3510a52948fa628a4e2503456220d61397f1ad403636ff6af9b452b3afe,10000000,False,False,False
0x372c61c371213fe63c875d7e56760d1c343e5b2c,USDT,uniswap,0x000000000022d473030f116ddee9f6b43ac78ba3,18398619,2023-10-21 12:14:47+00:00,0x337e6ce4a64f49e76cc4b06381555283f99c4852bcf573f8fdd3e2c190267e61,16882278615,False,False,False
0x372c61c371213fe63c875d7e56760d1c343e5b2c,USDT,uniswap,0x000000000022d473030f116ddee9f6b43ac78ba3,18398962,2023-10-21 13:24:47+00:00,0x33332dd767d19343675b7c4c5c39b41795102e693800c6c722c7dace28ef007d,8000000000,False,False,False
0x372c61c371213fe63c875d7e56760d1c343e5b2c,USDT,uniswap,0x000000000022d473030f116ddee9f6b43ac78ba3,18406850,2023-10-22 15:53:35+00:00,0xa7590c6ec0c442cbe0007ece06bac6275e02ebe00338a139073a7f51339b1fd0,1192104094,False,False,False
0x372c61c371213fe63c875d7e56760d1c343e5b2c,USDT,uniswap,0x000000000022d473030f116ddee9f6b43ac78ba3,18418448,2023-10-24 06:51:11+00:00,0x00b4f76ef8fef812525a4e99df72bcf897eb9b3134a7ff21e7de945736256059,9927320156,False,False,False
0x372c61c371213fe63c875d7e56760d1c343e5b2c,USDT,uniswap,0x000000000022d473030f116ddee9f6b43ac78ba3,18468008,2023-10-31 05:24:35+00:00,0x8fbb5a68f14bc1cb1d790182d2742a74846972afe22ec9ec1ee5a00699724c28,5995340000,False,False,False
0x372c61c371213fe63c875d7e56760d1c343e5b2c,USDT,uniswap,0x000000000022d473030f116ddee9f6b43ac78ba3,18510036,2023-11-06 02:41:47+00:00,0x9308a7c3e6a6f595bebf6fe3fc90b78a4fb6a14cfbccb6eec550446b309bcb88,7022682193,False,False,False
0x372c61c371213fe63c875d7e56760d1c343e5b2c,USDT,uniswap,0x000000000022d473030f116ddee9f6b43ac78ba3,18534106,2023-11-09 11:31:35+00:00,0x190eb3825190b3ec2d9e43586cf2bac07609120a675f9efae43c2a9da81f3cdf,5969609087,False,False,False
0x372c61c371213fe63c875d7e56760d1c343e5b2c,USDT,uniswap,0x000000000022d473030f116ddee9f6b43ac78ba3,18574853,2023-11-15 04:16:11+00:00,0xf8f072072edc9155363b74dbd0b2ffc6411d9834c025e4e49e5b2a0e10915926,9050347498,False,False,False
0x372c61c371213fe63c875d7e56760d1c343e5b2c,USDT,uniswap,0x000000000022d473030f116ddee9f6b43ac78ba3,18608236,2023-11-19 20:28:35+00:00,0x19e68b2ea238ef69dc9de895eb3413deb995ea55d1ec1e77e20bf731fd6944f5,2110990974,False,False,False
0x372c61c371213fe63c875d7e56760d1c343e5b2c,USDT,uniswap,0x000000000022d473030f116ddee9f6b43ac78ba3,18610658,2023-11-20 04:36:35+00:00,0x01b1c70cab56c5dbce01e24e34ae6a8dcf94c0cd85f93ca3cb81729bbd2b1f8c,7301141418,False,False,False
0x372c61c371213fe63c875d7e56760d1c343e5b2c,USDT,uniswap,0x000000000022d473030f116ddee9f6b43ac78ba3,18615583,2023-11-20 21:09:23+00:00,0x63e02c14f409ec2a1aa20dbbe43f2f61abaa0c96974e6eac53da81cd03516e56,5982766315,False,False,False
0x372c61c371213fe63c875d7e56760d1c343e5b2c,USDT,uniswap,0x000000000022d473030f116ddee9f6b43ac78ba3,18625536,2023-11-22 06:36:11+00:00,0xf4258f267d0634ae7dfda48e092e1423ae643c5c114568e923244b55d83a1365,6073209303,False,False,False
0x372c61c371213fe63c875d7e56760d1c343e5b2c,USDT,uniswap,0x000000000022d473030f116ddee9f6b43ac78ba3,18675813,2023-11-29 07:35:35+00:00,0xc149c484580b298c19c558adbf63f7fd7e1f35de672955806aef85fe06bc3921,5000000000,False,False,False
0x372c61c371213fe63c875d7e56760d1c343e5b2c,USDT,uniswap,0x000000000022d473030f116ddee9f6b43ac78ba3,18703850,2023-12-03 05:41:23+00:00,0xf15828475477240dfcc2e97dbf7103a7c0f1f97d3a883e033712253ec432f4e5,8899888211,False,False,False
0x372c61c371213fe63c875d7e56760d1c343e5b2c,USDT,uniswap,0x000000000022d473030f116ddee9f6b43ac78ba3,18712905,2023-12-04 12:09:11+00:00,0xd73d241cac696fa34ac894ffb6f19e8843cab0696cca8075e8ad696212842259,12710872304,False,False,False
0x372c61c371213fe63c875d7e56760d1c343e5b2c,USDT,uniswap,0x000000000022d473030f116ddee9f6b43ac78ba3,18783335,2023-12-14 08:57:11+00:00,0x586c3a09a9d83f75d51d5d560ad60d4331bb5f4f79a7e7242b5bfbd4ea84b452,10460521857,False,False,False
0x372c61c371213fe63c875d7e56760d1c343e5b2c,USDT,uniswap,0x000000000022d473030f116ddee9f6b43ac78ba3,18811645,2023-12-18 08:19:23+00:00,0x0e7102bf254ec8eac02bf99f81ebb94ebf4a88a5fbdcfd023bfd34ab424a812d,3452402181,False,False,False
0x372c61c371213fe63c875d7e56760d1c343e5b2c,USDT,uniswap,0x000000000022d473030f116ddee9f6b43ac78ba3,18884222,2023-12-28 12:51:59+00:00,0xc358b2a2b9d55138b03523fe45f5a1fc826644f49c8f9ce949a577f98627b1ac,3992939530,False,False,False
0x372c61c371213fe63c875d7e56760d1c343e5b2c,USDT,uniswap,0x000000000022d473030f116ddee9f6b43ac78ba3,18909831,2024-01-01 03:10:11+00:00,0xa37f541ece5aa7eb6dcad16e195bba259faba7b40d9ac77efb2c863132a6ff5f,2194606400,False,False,False
0x372c61c371213fe63c875d7e56760d1c343e5b2c,USDT,uniswap,0x000000000022d473030f116ddee9f6b43ac78ba3,18917900,2024-01-02 06:24:47+00:00,0xaa4a66859bb49467d9c6901f2307ce69824afa2db8d89dbab945e57594620c9e,3992767622,False,False,False
0x372c61c371213fe63c875d7e56760d1c343e5b2c,USDT,uniswap,0x000000000022d473030f116ddee9f6b43ac78ba3,18917935,2024-01-02 06:31:47+00:00,0x3784a3cf81033924c79fbd6b2949e63881222897e27b523ad19529589364f5fa,6990500000,False,False,False
0x372c61c371213fe63c875d7e56760d1c343e5b2c,USDT,uniswap,0x000000000022d473030f116ddee9f6b43ac78ba3,18919421,2024-01-02 11:32:35+00:00,0x95df077eeabf71d66a89a139fde28aba66cebe20b2c1d87f046180fbe732d703,3122855404,False,False,False
0x372c61c371213fe63c875d7e56760d1c343e5b2c,USDT,uniswap,0x000000000022d473030f116ddee9f6b43ac78ba3,18930000,2024-01-03 23:08:59+00:00,0x9127f4ad76089dffaebb4926a5abd41d5f4bcc9d2e76476fef9794fba77bc5cc,2834711022,False,False,False
0x372c61c371213fe63c875d7e56760d1c343e5b2c,USDT,uniswap,0x000000000022d473030f116ddee9f6b43ac78ba3,18933856,2024-01-04 12:05:35+00:00,0x7a69b7bece1ac2911884da2ffec1512a802e4c9ead7b44c98e3482cd619ee955,100000000000,False,False,False
0x372c61c371213fe63c875d7e56760d1c343e5b2c,USDC,sushi,0xe43ca1dee3f0fc1e2df73a0745674545f11a59f5,19463680,2024-03-18 19:12:59+00:00,0xf268d4ba336056b2af069a00cc95e1c6799b6ae8b29c2d6971b3e90461cc1ddc,739235,False,False,False
0x372c61c371213fe63c875d7e56760d1c343e5b2c,USDC,uniswap,0x000000000022d473030f116ddee9f6b43ac78ba3,19463702,2024-03-18 19:17:23+00:00,0x0f64aab7d0336319c5fe74254939d38bfeefa12bb194373da769ccffbe886132,739235,False,False,False
0x372c61c371213fe63c875d7e56760d1c343e5b2c,USDT,sushi,0xe43ca1dee3f0fc1e2df73a0745674545f11a59f5,19468008,2024-03-19 09:49:59+00:00,0xcc28f897a7b10b585e9666c868712b2bdd95fc52aab4a17172116d2022ce0f18,5095894900,False,False,False
0x372c61c371213fe63c875d7e56760d1c343e5b2c,USDT,uniswap,0x000000000022d473030f116ddee9f6b43ac78ba3,21712702,2025-01-27 01:54:35+00:00,0x8a88c884181c2cd174ab2cf08c2bdd1116f3bc14f66c63d49d07708a3575e0e1,115792089237316195423570985008687907853269984665640564039457584007913129639935,True,False,False
0x372c61c371213fe63c875d7e56760d1c343e5b2c,USDT,sushi,0xac4c6e212a361c968f1725b4d055b47e63f80b75,22075520,2025-03-18 18:21:23+00:00,0x67cdcb8e325f667b01ab015378d463328b86c72566ca0e611f3a2c44cd2e6dc1,400000000,False,False,False
0x372c61c371213fe63c875d7e56760d1c343e5b2c,USDT,sushi,0xac4c6e212a361c968f1725b4d055b47e63f80b75,22075527,2025-03-18 18:22:47+00:00,0x04fbe07503ca80cf84ef9e2b4c3b01a699797e98cb75b6d4b5404a307e1f1719,115792089237316195423570985008687907853269984665640564039457584007913129639935,True,False,False
0x590195abc737a5eb7c3bd391edeedc10004e0171,USDC,uniswap,0x68b3465833fb72a70ecdf485e0e4c7bd8665fc45,15928318,2022-11-08 22:32:47+00:00,0xe3ec7c44cee69feccabacd3dfddf4e95f28788cc681e1a06d44e452017b52dac,600000000,False,False,False
0x590195abc737a5eb7c3bd391edeedc10004e0171,USDC,uniswap,0x68b3465833fb72a70ecdf485e0e4c7bd8665fc45,15963606,2022-11-13 20:50:35+00:00,0x4feb09e7ae121f11023dfd7aa516700fdea7ec7fe341b774013876a53c5ad183,257769800,False,False,False
0x590195abc737a5eb7c3bd391edeedc10004e0171,USDC,sushi,0xd9e1ce17f2641f24ae83637ab66a2cca9c378b9f,15978329,2022-11-15 22:11:47+00:00,0xd5c90aa4c5717f359fa022294456700dd9a977e147d9fba00cdf5b30cd9e3510,115792089237316195423570985008687907853269984665640564039457584007913129639935,True,False,False
0x590195abc737a5eb7c3bd391edeedc10004e0171,USDC,uniswap,0x68b3465833fb72a70ecdf485e0e4c7bd8665fc45,15994149,2022-11-18 03:15:59+00:00,0x646f64b299a551563f24870c87268205ebaf4c2b98d97d6218426dd2bb8cb138,49427339,False,False,False
0x590195abc737a5eb7c3bd391edeedc10004e0171,USDC,uniswap,0x68b3465833fb72a70ecdf485e0e4c7bd8665fc45,15994156,2022-11-18 03:17:23+00:00,0x199630e6cc11d110d6f9aeaf77a7879aa21ac6ffd093df1c2f8f512b65bff39a,49256004,False,False,False
0x590195abc737a5eb7c3bd391edeedc10004e0171,USDC,uniswap,0x68b3465833fb72a70ecdf485e0e4c7bd8665fc45,16215515,2022-12-19 01:40:35+00:00,0x60d374437d69823cf99661b3b236b106ed9fb5b26c57e2c32e510f4b394fc323,179879862,False,False,False
0x590195abc737a5eb7c3bd391edeedc10004e0171,USDC,uniswap,0x68b3465833fb72a70ecdf485e0e4c7bd8665fc45,16223964,2022-12-20 05:58:11+00:00,0x1e04ab59ceb1914eec4279a17fe14ce38f9f8b595953e3f58c284ab0f080fe41,206992859,False,False,False
0x590195abc737a5eb7c3bd391edeedc10004e0171,USDC,uniswap,0x68b3465833fb72a70ecdf485e0e4c7bd8665fc45,16223981,2022-12-20 06:01:35+00:00,0xd0cec20fa475e3644fac0c72d9944773bb87a5b8878d96d4c5dae87c9ffd2bbe,30000000,False,False,False
0x590195abc737a5eb7c3bd391edeedc10004e0171,USDC,uniswap,0x68b3465833fb72a70ecdf485e0e4c7bd8665fc45,16223988,2022-12-20 06:02:59+00:00,0x8980d648a73e24eeaef5c23124f4fb9074fee6076a5f0ee1b11a5f90bd85bfee,212370832,False,False,False
0x590195abc737a5eb7c3bd391edeedc10004e0171,USDC,uniswap,0x68b3465833fb72a70ecdf485e0e4c7bd8665fc45,16311735,2023-01-01 11:51:47+00:00,0x5a0033aae0185c1a8312bce663725de6b8cbf415805f3c31008d9b994d48b5dc,200000000,False,False,False
0x590195abc737a5eb7c3bd391edeedc10004e0171,USDC,uniswap,0x000000000022d473030f116ddee9f6b43ac78ba3,16467545,2023-01-23 05:55:23+00:00,0xb9476481e46631bce46f3251af0286e81fc0a66b248d9b5fb5bd7d03afe7d452,115792089237316195423570985008687907853269984665640564039457584007913129639935,True,False,False
0x590195abc737a5eb7c3bd391edeedc10004e0171,USDC,sushi,0xe43ca1dee3f0fc1e2df73a0745674545f11a59f5,20109902,2024-06-17 07:04:59+00:00,0x99a2292cdad78d9c07e18c45121d4a0ed6462ebc0953e504e3c945f2adf665d0,1000000000,False,False,False
0x590195abc737a5eb7c3bd391edeedc10004e0171,USDT,uniswap,0x000000000022d473030f116ddee9f6b43ac78ba3,20166128,2024-06-25 03:51:35+00:00,0x32307995fdcad3be6648a66704ab5bcc74853b1103c42f78ac2e5b7be2c9e964,1505633851,False,False,False
0x590195abc737a5eb7c3bd391edeedc10004e0171,USDT,uniswap,0x000000000022d473030f116ddee9f6b43ac78ba3,20401746,2024-07-28 01:25:11+00:00,0xac467d6f7aeaabe9c04e6b0064ba6a0d5085500b8ca4489662c653f63f804e62,1000000000,False,False,False
0x590195abc737a5eb7c3bd391edeedc10004e0171,USDC,uniswap,0x000000000022d473030f116ddee9f6b43ac78ba3,23847377,2025-11-21 12:26:35+00:00,0x3d27610fd0f31db52e74a4a7fefd53610240427f59af2aa15544bc3dc5142288,115792089237316195423570985008687907853269984665640564039457584007913129639935,True,False,False
0x590195abc737a5eb7c3bd391edeedc10004e0171,USDC,sushi,0xac4c6e212a361c968f1725b4d055b47e63f80b75,24394059,2026-02-05 23:58:59+00:00,0x0430400d5238801c34461e5afec14e463afc937820908f301ce212fec43f0e23,250000000,False,False,False
0x5e574edf724f852f698e07c525bac06195b4faf3,USDT,uniswap,0x7a250d5630b4cf539739df2c5dacb4c659f2488d,24188212,2026-01-08 06:36:47+00:00,0x11731d328d4d5fc69871eab7b748dbcbc6a9d09746bb37de06f6235fb1d181e8,6853125,False,False,False
0x5e574edf724f852f698e07c525bac06195b4faf3,USDT,uniswap,0x7a250d5630b4cf539739df2c5dacb4c659f2488d,24188231,2026-01-08 06:40:35+00:00,0x767dd969c6daaa96d98af534e8b1e962e04d321a54ff739f6508be44ed5a508d,622844,False,False,False
0x5e574edf724f852f698e07c525bac06195b4faf3,USDT,uniswap,0x7a250d5630b4cf539739df2c5dacb4c659f2488d,24188346,2026-01-08 07:03:47+00:00,0xa73dd7190be3ff2676414924f51f2031c347436b327ce505295cfc4513b656f4,6184598,False,False,False
0x5e574edf724f852f698e07c525bac06195b4faf3,USDT,uniswap,0x7a250d5630b4cf539739df2c5dacb4c659f2488d,24189256,2026-01-08 10:07:11+00:00,0x2d4c7919ed84b7794265f6910c5c0ccb24adc9bea3d9b3341fd8838d4f124ec6,115792089237316195423570985008687907853269984665640564039457584007913129639935,True,False,False
0x5e574edf724f852f698e07c525bac06195b4faf3,USDT,sushi,0xd9e1ce17f2641f24ae83637ab66a2cca9c378b9f,24216753,2026-01-12 06:10:11+00:00,0x23b92be2aed1e1118b412545614e5d9e71c248ef533a8a4a86e6aa6eb197c7fc,115792089237316195423570985008687907853269984665640564039457584007913129639935,True,False,False
0x5e574edf724f852f698e07c525bac06195b4faf3,USDC,sushi,0xd9e1ce17f2641f24ae83637ab66a2cca9c378b9f,24216823,2026-01-12 06:24:11+00:00,0xaadb32025c102b1ad40322662791f18c69969bdd814534acdbf777c09c461d08,115792089237316195423570985008687907853269984665640564039457584007913129639935,True,False,False
0x5e574edf724f852f698e07c525bac06195b4faf3,DAI,sushi,0xd9e1ce17f2641f24ae83637ab66a2cca9c378b9f,24216827,2026-01-12 06:24:59+00:00,0xc163d6513d275e70ec20d24bfa42c11633a72d6f302fb4c16f835211986b06ef,115792089237316195423570985008687907853269984665640564039457584007913129639935,True,False,False
0x5e574edf724f852f698e07c525bac06195b4faf3,USDC,uniswap,0x7a250d5630b4cf539739df2c5dacb4c659f2488d,24216858,2026-01-12 06:31:11+00:00,0x46b8a06147c7127a0b228f19a7a439afe6fb0cfcb21dd901f6f42c992986d4cf,115792089237316195423570985008687907853269984665640564039457584007913129639935,True,False,False
0x5e574edf724f852f698e07c525bac06195b4faf3,DAI,uniswap,0x7a250d5630b4cf539739df2c5dacb4c659f2488d,24216862,2026-01-12 06:31:59+00:00,0xf2e43bf6bbdeb17feff4f8705d06d5d22be00f953e125206402f29fad964de0e,115792089237316195423570985008687907853269984665640564039457584007913129639935,True,False,False
0x5e574edf724f852f698e07c525bac06195b4faf3,USDC,sushi,0xd9e1ce17f2641f24ae83637ab66a2cca9c378b9f,24219365,2026-01-12 14:55:59+00:00,0x2c8f1b5f994f40bccc87029de1c1482ed79158278e3b664ebc3227c780564494,115792089237316195423570985008687907853269984665640564039457584007913129639935,True,False,False
0x5e574edf724f852f698e07c525bac06195b4faf3,USDC,uniswap,0x7a250d5630b4cf539739df2c5dacb4c659f2488d,24219500,2026-01-12 15:22:59+00:00,0xb12ca072492f4a9d99272076a8baa7e942ff58b0765c19a3b86193f66b582c70,115792089237316195423570985008687907853269984665640564039457584007913129639935,True,False,False
0x5e574edf724f852f698e07c525bac06195b4faf3,USDC,sushi,0xd9e1ce17f2641f24ae83637ab66a2cca9c378b9f,24242828,2026-01-15 21:33:35+00:00,0x1bb8a473dc338c5eae11cf35d64a5d144ee914e68e37508db15a272d3a8bc4b6,115792089237316195423570985008687907853269984665640564039457584007913129639935,True,False,False
0x5e574edf724f852f698e07c525bac06195b4faf3,USDC,uniswap,0x7a250d5630b4cf539739df2c5dacb4c659f2488d,24242829,2026-01-15 21:33:47+00:00,0x8c3483556f4775067d5e7aa79095babf3bd383df0f14e1e5496c71337c2a1bbf,115792089237316195423570985008687907853269984665640564039457584007913129639935,True,False,False
0x6067b1d03e747e3ab7c4071f77e1d422a53f1522,USDC,sushi,0xac4c6e212a361c968f1725b4d055b47e63f80b75,24366246,2026-02-02 02:39:23+00:00,0x5b2a56391f8064ec104cb2775b4bd713867ba5e5db3bb4ad74816cbdc2366d1b,11000000,False,False,False
0x6067b1d03e747e3ab7c4071f77e1d422a53f1522,USDC,sushi,0xac4c6e212a361c968f1725b4d055b47e63f80b75,24371836,2026-02-02 21:23:47+00:00,0x47a04423cc1052e5d920ac2116123a565358b0ef53bb8c26abdc52338c71c7a1,590604875,False,False,False
0x6067b1d03e747e3ab7c4071f77e1d422a53f1522,USDT,uniswap,0x000000000022d473030f116ddee9f6b43ac78ba3,24371955,2026-02-02 21:47:59+00:00,0x99c8691fd69f43c457730809355ae673ab343b91fb9f582b7103ce25844e7ce1,79228162514264337593543950335,False,True,True
0x6067b1d03e747e3ab7c4071f77e1d422a53f1522,USDT,sushi,0xac4c6e212a361c968f1725b4d055b47e63f80b75,24372107,2026-02-02 22:18:35+00:00,0x7df47d77b4e8e2741c78b9e057dddd53281cc0212745ae946f8856698a739701,601925007,False,False,True
0x6067b1d03e747e3ab7c4071f77e1d422a53f1522,USDC,sushi,0xac4c6e212a361c968f1725b4d055b47e63f80b75,24373237,2026-02-03 02:05:59+00:00,0x2c4c5e4b859a3fc58accbbf38930ebdd1757e9987cfa9488a8b3ea21211b2539,501555197,False,False,False
0x6067b1d03e747e3ab7c4071f77e1d422a53f1522,USDC,uniswap,0x000000000022d473030f116ddee9f6b43ac78ba3,24379427,2026-02-03 22:52:23+00:00,0xa5e11c45438b630e7bb9510b395e23b3e79542b55c23663a14a436dbe91f205b,115792089237316195423570985008687907853269984665640564039457584007913129639935,True,False,False
0x6067b1d03e747e3ab7c4071f77e1d422a53f1522,USDC,sushi,0xac4c6e212a361c968f1725b4d055b47e63f80b75,24408620,2026-02-08 00:47:35+00:00,0x2be293cadf15552ee9c3219903f389d465f4fde0e9d7fc9223118ef0b353db09,600142912,False,False,False
0x6067b1d03e747e3ab7c4071f77e1d422a53f1522,USDT,sushi,0xac4c6e212a361c968f1725b4d055b47e63f80b75,24408678,2026-02-08 00:59:11+00:00,0x76b4764a0f78dc85ff6648896a22522924c081a68aeebb3ac7e6246d2d87056e,600424811,False,False,True
0x6067b1d03e747e3ab7c4071f77e1d422a53f1522,USDC,sushi,0xac4c6e212a361c968f1725b4d055b47e63f80b75,24408707,2026-02-08 01:04:59+00:00,0x8548d9e64b011485e0e8575119886ce80828893e74599b76a388f1c9cb30d5fa,300000000,False,False,False
0x6067b1d03e747e3ab7c4071f77e1d422a53f1522,USDC,sushi,0xac4c6e212a361c968f1725b4d055b47e63f80b75,24408730,2026-02-08 01:09:35+00:00,0x7f6afaf0348fd03c7b221ff0088473531e6fc47b0b17c4cd0cfabe032edd5742,300125845,False,False,False
0x6067b1d03e747e3ab7c4071f77e1d422a53f1522,USDT,sushi,0xac4c6e212a361c968f1725b4d055b47e63f80b75,24408758,2026-02-08 01:15:35+00:00,0xe8f52251b81978c13e6b5a03bad97818027f9060eae70ab2c2d2965c96dadfbd,600416739,False,False,True
0x6067b1d03e747e3ab7c4071f77e1d422a53f1522,USDC,sushi,0xac4c6e212a361c968f1725b4d055b47e63f80b75,24414800,2026-02-08 21:40:23+00:00,0xc27a9de17ef2284047f75d96e712e3c609b7baca27d45b3b35519b2116d0ee59,600116259,False,False,False
0x6067b1d03e747e3ab7c4071f77e1d422a53f1522,USDT,sushi,0xac4c6e212a361c968f1725b4d055b47e63f80b75,24414816,2026-02-08 21:43:35+00:00,0x38190e4baea675c93361661e231e0e60201cd8ee4cc166bfc6f4f154e2f6c250,600365299,False,False,True
0x6067b1d03e747e3ab7c4071f77e1d422a53f1522,USDC,sushi,0xac4c6e212a361c968f1725b4d055b47e63f80b75,24414822,2026-02-08 21:44:59+00:00,0x23aa881942af05a00cf554f8d85390db8776aff22a961e51a6d50b6ffc754768,600062990,False,False,False
0x6067b1d03e747e3ab7c4071f77e1d422a53f1522,USDT,sushi,0xac4c6e212a361c968f1725b4d055b47e63f80b75,24414842,2026-02-08 21:48:59+00:00,0xd508a40c21354245c5f12307435d238cc0ef424588c9f10896f9a12790acb14d,600355951,False,False,True
0x6067b1d03e747e3ab7c4071f77e1d422a53f1522,USDC,sushi,0xac4c6e212a361c968f1725b4d055b47e63f80b75,24414872,2026-02-08 21:55:11+00:00,0xa13661ac47fb302d4416589384d0f2c1c4c625dddfe4e324604c6c9cd0135769,600053885,False,False,False
0x6067b1d03e747e3ab7c4071f77e1d422a53f1522,USDT,sushi,0xac4c6e212a361c968f1725b4d055b47e63f80b75,24414913,2026-02-08 22:03:23+00:00,0xa6181c83d57a3904ce600c436e7ce7627992ff549ba47a702fc282f6cefb27bb,600345535,False,False,True
0x6067b1d03e747e3ab7c4071f77e1d422a53f1522,USDC,sushi,0xac4c6e212a361c968f1725b4d055b47e63f80b75,24415940,2026-02-09 01:30:11+00:00,0xb75d4ad242191433fb9fd3d10a7d5f8d8dd34d536c02789d5224c212c98fd5d9,597548509,False,False,False
0x6067b1d03e747e3ab7c4071f77e1d422a53f1522,USDT,sushi,0xac4c6e212a361c968f1725b4d055b47e63f80b75,24416012,2026-02-09 01:44:35+00:00,0x4dfcb0c6562743a4eddf6bcbedf829c64661822e9c098ec8582eb1c0b13c1f2b,597836920,False,False,True
0x6067b1d03e747e3ab7c4071f77e1d422a53f1522,USDC,sushi,0xac4c6e212a361c968f1725b4d055b47e63f80b75,24416115,2026-02-09 02:05:23+00:00,0x3678c719ea3894d88b355df4466b462d956dd664e8ddf15fe40ab8289f684bb0,597537785,False,False,False
0x6067b1d03e747e3ab7c4071f77e1d422a53f1522,USDT,sushi,0xac4c6e212a361c968f1725b4d055b47e63f80b75,24416136,2026-02-09 02:09:35+00:00,0xcb68a298c551911a9e7564d92e3057852001cca46d7547e5fd2093e05f481bd7,597828894,False,False,True
0x6067b1d03e747e3ab7c4071f77e1d422a53f1522,USDC,sushi,0xac4c6e212a361c968f1725b4d055b47e63f80b75,24422933,2026-02-10 00:55:59+00:00,0xaca75ccf1c11c67432557e1c57470abcfd32090a46401c9a4d91e22c485276dd,597527717,False,False,False
0x6067b1d03e747e3ab7c4071f77e1d422a53f1522,USDT,sushi,0xac4c6e212a361c968f1725b4d055b47e63f80b75,24422939,2026-02-10 00:57:11+00:00,0xa6a4abd3e46b82440d63c991d94ee8f82d532bbd34b22435afbd4588a87853e3,597766292,False,False,True
0x6067b1d03e747e3ab7c4071f77e1d422a53f1522,USDC,sushi,0xac4c6e212a361c968f1725b4d055b47e63f80b75,24430304,2026-02-11 01:40:23+00:00,0xa52f247fa8d9ba45f81bb52abac0d987e5705b455f7836f0fb714f07c5b010d7,597518147,False,False,False
0x6067b1d03e747e3ab7c4071f77e1d422a53f1522,USDT,sushi,0xac4c6e212a361c968f1725b4d055b47e63f80b75,24430323,2026-02-11 01:44:11+00:00,0x5f8f96322fc96e860be703809b5eadb541cbd5f1cc578523fb5d58b9c87eaf52,597827614,False,False,True
0x6067b1d03e747e3ab7c4071f77e1d422a53f1522,USDC,sushi,0xac4c6e212a361c968f1725b4d055b47e63f80b75,24437332,2026-02-12 01:12:11+00:00,0xe9466e4ddb88f9ad881d8caef2b5b8549f97881a0088beb4ef201dc2f8ec5590,597501093,False,False,False
0x6067b1d03e747e3ab7c4071f77e1d422a53f1522,USDT,sushi,0xac4c6e212a361c968f1725b4d055b47e63f80b75,24437362,2026-02-12 01:18:23+00:00,0x0e0ec379406f73e8c1f183b2e750b227523beee892152d93109c9c71d2639d0d,597848999,False,False,True
0x6067b1d03e747e3ab7c4071f77e1d422a53f1522,USDC,sushi,0xac4c6e212a361c968f1725b4d055b47e63f80b75,24438887,2026-02-12 06:24:47+00:00,0x777e51e8d23e278a4076e19980011d903aeb04a522a5adba625850324f262f53,597472016,False,False,False
0x6067b1d03e747e3ab7c4071f77e1d422a53f1522,USDC,sushi,0xac4c6e212a361c968f1725b4d055b47e63f80b75,24451920,2026-02-14 02:04:23+00:00,0xdb54cfedf4fa0ad9e3e1cbcc0e73885d60aba0e96aeb7888ec60422d11947cae,597462445,False,False,False
0x6067b1d03e747e3ab7c4071f77e1d422a53f1522,USDT,sushi,0xac4c6e212a361c968f1725b4d055b47e63f80b75,24451934,2026-02-14 02:07:23+00:00,0x4c5723a66661eb1fdc4f88d890863d853401c89433c83ac616fbcdcadaaba601,597746399,False,False,True
0x6067b1d03e747e3ab7c4071f77e1d422a53f1522,USDC,sushi,0xac4c6e212a361c968f1725b4d055b47e63f80b75,24451955,2026-02-14 02:11:35+00:00,0xcd3b139e682c097a58914991f1634ac68910ceb55bf5f997342f139b6f5ebe92,597452992,False,False,False
0x6067b1d03e747e3ab7c4071f77e1d422a53f1522,USDT,sushi,0xac4c6e212a361c968f1725b4d055b47e63f80b75,24451962,2026-02-14 02:12:59+00:00,0x506b3ed4ffeb9e4c8e0e646ad6647cc6dd36bef00d1876040dda3ccd3eb27f0f,597736736,False,False,True
0x6067b1d03e747e3ab7c4071f77e1d422a53f1522,USDC,sushi,0xac4c6e212a361c968f1725b4d055b47e63f80b75,24451969,2026-02-14 02:14:23+00:00,0x388eec5b3b0fce50e6ee71fe5a468bc56cf3946221b8e5a335e902e5f7d25978,597443454,False,False,False
0x6067b1d03e747e3ab7c4071f77e1d422a53f1522,USDT,sushi,0xac4c6e212a361c968f1725b4d055b47e63f80b75,24451978,2026-02-14 02:16:11+00:00,0x121fa5f24a2099af853de6dd8f92e1c71e5930cd4dcffb0a897e3d85e6123a46,597726957,False,False,True
0x6067b1d03e747e3ab7c4071f77e1d422a53f1522,USDC,sushi,0xac4c6e212a361c968f1725b4d055b47e63f80b75,24451988,2026-02-14 02:18:11+00:00,0x625c91c76a12e0a08aead51765ee745fcfcd3eec238b3a4ca0f9686a1c4ebd89,597432759,False,False,False
0x6067b1d03e747e3ab7c4071f77e1d422a53f1522,USDT,sushi,0xac4c6e212a361c968f1725b4d055b47e63f80b75,24451994,2026-02-14 02:19:23+00:00,0x450b39d946836a04336e36b10f0d4ef40f8cd2d746121de0a1e2e12b323b950b,597716065,False,False,True
0x6067b1d03e747e3ab7c4071f77e1d422a53f1522,USDC,sushi,0xac4c6e212a361c968f1725b4d055b47e63f80b75,24452004,2026-02-14 02:21:23+00:00,0xb74fd2029d3853b7522c5d748ac1612c1c215c9749b8bf8bedb26b0f4f99076b,597422283,False,False,False
0x6067b1d03e747e3ab7c4071f77e1d422a53f1522,USDT,sushi,0xac4c6e212a361c968f1725b4d055b47e63f80b75,24452012,2026-02-14 02:22:59+00:00,0x82654007f2148c0171ecb6453b44d766230b610ad3f84fd67cd9aaba7c8f6f5c,597707461,False,False,True
0x6067b1d03e747e3ab7c4071f77e1d422a53f1522,USDC,sushi,0xac4c6e212a361c968f1725b4d055b47e63f80b75,24452028,2026-02-14 02:26:11+00:00,0x70ff154a7b66589a790d12bb521ac7eab53eef2713aa1d56d4abc94a04e596c9,597413192,False,False,False
0x6067b1d03e747e3ab7c4071f77e1d422a53f1522,USDT,sushi,0xac4c6e212a361c968f1725b4d055b47e63f80b75,24452043,2026-02-14 02:29:11+00:00,0xa52f5b97d18a49b7402a29a007520f0ebc8c9227dcc5c5ee7a67e49aed4589ae,597698297,False,False,True
0x6067b1d03e747e3ab7c4071f77e1d422a53f1522,USDC,sushi,0xac4c6e212a361c968f1725b4d055b47e63f80b75,24453337,2026-02-14 06:48:59+00:00,0x96e35f569ba31c801fb8552f889d9b89fe2122e41421db7145e2c799abae8348,597403610,False,False,False
0x6067b1d03e747e3ab7c4071f77e1d422a53f1522,USDT,sushi,0xac4c6e212a361c968f1725b4d055b47e63f80b75,24453348,2026-02-14 06:51:11+00:00,0x58933245051d312a605f0b8e28cecf571bb1f6dd3bf6ce7ac618032bba560fc1,597709835,False,False,True
0x6067b1d03e747e3ab7c4071f77e1d422a53f1522,USDC,sushi,0xac4c6e212a361c968f1725b4d055b47e63f80b75,24453362,2026-02-14 06:53:59+00:00,0xc8bc363bdbc09d6495c120d46dda8f2dc0605cfeea64662d0386a9470823c9cf,597398122,False,False,False
0x6067b1d03e747e3ab7c4071f77e1d422a53f1522,USDT,sushi,0xac4c6e212a361c968f1725b4d055b47e63f80b75,24453377,2026-02-14 06:56:59+00:00,0xeff8f6757ee3bac24b2f98a17f8e6c554d8608dab4800a22e51b7e6973f1562d,597696426,False,False,True
0x6067b1d03e747e3ab7c4071f77e1d422a53f1522,USDC,sushi,0xac4c6e212a361c968f1725b4d055b47e63f80b75,24453413,2026-02-14 07:04:11+00:00,0x14fb68200a625d77636232cf5bf576f7bba7b6b9954c782548b5471d0587247e,115792089237316195423570985008687907853269984665640564039457584007913129639935,True,False,False
0x6067b1d03e747e3ab7c4071f77e1d422a53f1522,USDT,sushi,0xac4c6e212a361c968f1725b4d055b47e63f80b75,24453421,2026-02-14 07:05:47+00:00,0xc170b8edd0b4bb9109a50cb9474aa5b1aeb4e09b69c8570f48d06a7adc349e95,115792089237316195423570985008687907853269984665640564039457584007913129639935,True,False,True
0x63ed99a9404e9b6e2e999916e2fd9e53943cc7bb,USDC,sushi,0xd9e1ce17f2641f24ae83637ab66a2cca9c378b9f,16449816,2023-01-20 18:29:35+00:00,0x3a16ef81c571c6ed15126cbcf8099230fd910fdabeefb5ada1b032380c5dcc34,115792089237316195423570985008687907853269984665640564039457584007913129639935,True,False,False
0x63ed99a9404e9b6e2e999916e2fd9e53943cc7bb,USDC,uniswap,0x000000000022d473030f116ddee9f6b43ac78ba3,16728275,2023-02-28 17:55:23+00:00,0x1c622492f1c9e7b9806726f8376d51035cfce8b35bf310576869fd8ff1994a7e,115792089237316195423570985008687907853269984665640564039457584007913129639935,True,False,False
0x63ed99a9404e9b6e2e999916e2fd9e53943cc7bb,USDT,uniswap,0x000000000022d473030f116ddee9f6b43ac78ba3,16821241,2023-03-13 19:47:35+00:00,0x95b0f4d4f46c168b9d83cb3d8e5a5118e3d54bde20ec155c8fe551a0c877afbd,115792089237316195423570985008687907853269984665640564039457584007913129639935,True,False,False
0x63ed99a9404e9b6e2e999916e2fd9e53943cc7bb,USDT,uniswap,0x68b3465833fb72a70ecdf485e0e4c7bd8665fc45,17223604,2023-05-09 14:51:59+00:00,0x5821a035493048cbc3c62bac29faa7e9f9ee96b9f4ddc7d0cbe29edde8a83e79,873490884,False,False,False
0x63ed99a9404e9b6e2e999916e2fd9e53943cc7bb,USDT,uniswap,0x000000000022d473030f116ddee9f6b43ac78ba3,17586655,2023-06-29 18:11:59+00:00,0xf8cc578fd0dc5918809121cd76a52b72eb87deb11e3798cd3f07117a74422714,2215966826,False,False,False
0x63ed99a9404e9b6e2e999916e2fd9e53943cc7bb,USDT,uniswap,0x000000000022d473030f116ddee9f6b43ac78ba3,18384996,2023-10-19 14:33:35+00:00,0x5c6a71b58564730d4e60a972483c8b53849b6b058b5833e57fd10c09abb8c62d,115792089237316195423570985008687907853269984665640564039457584007913129639935,True,False,False
0x63ed99a9404e9b6e2e999916e2fd9e53943cc7bb,USDT,sushi,0xe43ca1dee3f0fc1e2df73a0745674545f11a59f5,19755816,2024-04-28 19:11:35+00:00,0x7f9fe276e94612407493ec2d9796373bab7a79e75e8125a7fe5c82354b6395ca,300000000,False,False,False
0x63ed99a9404e9b6e2e999916e2fd9e53943cc7bb,DAI,uniswap,0x000000000022d473030f116ddee9f6b43ac78ba3,20721798,2024-09-10 17:47:59+00:00,0xf08f2a233bb5f0814880d159bffbc57e36d1f1393dd0f7b123ceb5e0ef2fe835,115792089237316195423570985008687907853269984665640564039457584007913129639935,True,False,False
0x63ed99a9404e9b6e2e999916e2fd9e53943cc7bb,USDT,sushi,0xac4c6e212a361c968f1725b4d055b47e63f80b75,23249333,2025-08-29 21:00:59+00:00,0xd0bd21c6ec8efc6a7c4616505be76eaa18189e973811ec6b762442b0bae5c443,300000000,False,False,False
0x63ed99a9404e9b6e2e999916e2fd9e53943cc7bb,USDT,sushi,0xac4c6e212a361c968f1725b4d055b47e63f80b75,23262160,2025-08-31 15:55:35+00:00,0x65517b8e41edaf7f4501710962214c9bda8218ceb54788be7fb437f0a528751b,1000000000,False,False,False
0x63ed99a9404e9b6e2e999916e2fd9e53943cc7bb,USDC,sushi,0xac4c6e212a361c968f1725b4d055b47e63f80b75,23290662,2025-09-04 15:32:35+00:00,0x9a8b2b528477dff24fd258381afdb54d104a0e96b7ebe1ea7039e7623e6c3d89,100000000,False,False,False
0x63ed99a9404e9b6e2e999916e2fd9e53943cc7bb,USDC,sushi,0xac4c6e212a361c968f1725b4d055b47e63f80b75,23290663,2025-09-04 15:32:47+00:00,0x5ea3359429e599e247a34d39f7ca6e559ed241c9e226bbce51178a9f577e5c72,100000000,False,False,False
0x63ed99a9404e9b6e2e999916e2fd9e53943cc7bb,USDC,sushi,0xac4c6e212a361c968f1725b4d055b47e63f80b75,23577275,2025-10-14 16:57:35+00:00,0x03e0eef645932aaa3e815c013edd0d00d23313ba70ad0337a6aabbf1e7f89b7c,1000000000,False,False,False
0x63ed99a9404e9b6e2e999916e2fd9e53943cc7bb,USDC,sushi,0xac4c6e212a361c968f1725b4d055b47e63f80b75,23647850,2025-10-24 14:13:59+00:00,0xef7d20a1fa566b9b3513b05312cc0c3d16b3063138ef6f93bc9e6f287c586f72,300000000,False,False,False
0x63ed99a9404e9b6e2e999916e2fd9e53943cc7bb,USDC,sushi,0xac4c6e212a361c968f1725b4d055b47e63f80b75,23648001,2025-10-24 14:44:23+00:00,0x5ff6ba65491b249661bd704acb50a4b9f08c4dd8cc5809b52dd4f67a6f5e1aee,300000000,False,False,False
0x63ed99a9404e9b6e2e999916e2fd9e53943cc7bb,USDT,sushi,0xac4c6e212a361c968f1725b4d055b47e63f80b75,23728873,2025-11-04 22:16:35+00:00,0x422178ce37f3093cdbe385cd532fa4b203edbfdca15fc93654c1d3667a1e5bfb,1000000000,False,False,False
0x65a8f07bd9a8598e1b5b6c0a88f4779dbc077675,USDC,uniswap,0x68b3465833fb72a70ecdf485e0e4c7bd8665fc45,15908431,2022-11-06 03:56:35+00:00,0x90bdd65c09fa4ec98a4e131241314f0d48a321ced9645f5d6e07e13a13a70030,150000000,False,False,False
0x65a8f07bd9a8598e1b5b6c0a88f4779dbc077675,USDC,uniswap,0x68b3465833fb72a70ecdf485e0e4c7bd8665fc45,15908435,2022-11-06 03:57:23+00:00,0xf7ffde98d15f51e6bf5916297a05622bfccb15d07f14599e532d2eb13b98e677,150000000,False,False,False
0x65a8f07bd9a8598e1b5b6c0a88f4779dbc077675,USDC,uniswap,0x68b3465833fb72a70ecdf485e0e4c7bd8665fc45,15923069,2022-11-08 04:57:35+00:00,0x125a5861e1b062c82be3e1e33fbfbd2100cece05170fc21e4e0a5ff278e0a48e,3250000000,False,False,False
0x65a8f07bd9a8598e1b5b6c0a88f4779dbc077675,USDC,uniswap,0x68b3465833fb72a70ecdf485e0e4c7bd8665fc45,15925492,2022-11-08 13:04:11+00:00,0xe9d4cc6b08819714256a1497cdd9bcc088027abb0a6ebdee8f55c6772730bfb2,1500000000,False,False,False
0x65a8f07bd9a8598e1b5b6c0a88f4779dbc077675,USDC,uniswap,0x68b3465833fb72a70ecdf485e0e4c7bd8665fc45,15926685,2022-11-08 17:03:23+00:00,0xd1f0158e014f391b6876f6675ebe29dbdd070852956a1df4a205c5f3698da390,5000000000,False,False,False
0x65a8f07bd9a8598e1b5b6c0a88f4779dbc077675,USDC,uniswap,0x68b3465833fb72a70ecdf485e0e4c7bd8665fc45,15940745,2022-11-10 16:15:11+00:00,0x19dd405fd82b93c74cc7e38f2ebe44c6f850d17d8cc66b67c60eb2ac0bd69682,300000000,False,False,False
0x65a8f07bd9a8598e1b5b6c0a88f4779dbc077675,USDC,uniswap,0x68b3465833fb72a70ecdf485e0e4c7bd8665fc45,15941841,2022-11-10 19:55:35+00:00,0xd685c92c9eba576c48b186f8653aab4d379f89cc7f96612c0fad80e552fbd994,200000000,False,False,False
0x65a8f07bd9a8598e1b5b6c0a88f4779dbc077675,USDC,uniswap,0x68b3465833fb72a70ecdf485e0e4c7bd8665fc45,15956584,2022-11-12 21:20:35+00:00,0xb5987490ed45cc8be6d631c7ebfabee57dbccbe89dd99db8292ca4d07c99b4ef,220000000,False,False,False
0x65a8f07bd9a8598e1b5b6c0a88f4779dbc077675,USDC,uniswap,0x68b3465833fb72a70ecdf485e0e4c7bd8665fc45,15966980,2022-11-14 08:07:59+00:00,0x82c11f89bd65df5f269514a4d105028d2745c7d21d0029e560c288a75c471be9,2100000000,False,False,False
0x65a8f07bd9a8598e1b5b6c0a88f4779dbc077675,USDC,uniswap,0x68b3465833fb72a70ecdf485e0e4c7bd8665fc45,16133193,2022-12-07 13:42:23+00:00,0xc9718c6d2d8c647742c48ea80c5de861716c234d9dbe6779e357978cfa684470,2000000000,False,False,False
0x65a8f07bd9a8598e1b5b6c0a88f4779dbc077675,USDC,uniswap,0x68b3465833fb72a70ecdf485e0e4c7bd8665fc45,16387739,2023-01-12 02:28:47+00:00,0xcd1cf8bf0e50ab2d4935433db8608ec1babca6c0fecdd9ab8048d053f7920cde,4000000000,False,False,False
0x65a8f07bd9a8598e1b5b6c0a88f4779dbc077675,USDC,uniswap,0x7a250d5630b4cf539739df2c5dacb4c659f2488d,16583207,2023-02-08 09:36:35+00:00,0xb80913fef3a7ec5d89c8b37dda047ef52e09bd7e581bfe7026a95b7f9f305f1c,115792089237316195423570985008687907853269984665640564039457584007913129639935,True,False,False
0x65a8f07bd9a8598e1b5b6c0a88f4779dbc077675,USDT,uniswap,0x7a250d5630b4cf539739df2c5dacb4c659f2488d,16583215,2023-02-08 09:38:11+00:00,0x563472d2e2bfe85b93c65c0e924b9045ee2c386cc62a657d69630e782a0b59ab,115792089237316195423570985008687907853269984665640564039457584007913129639935,True,False,False
0x65a8f07bd9a8598e1b5b6c0a88f4779dbc077675,USDC,uniswap,0x000000000022d473030f116ddee9f6b43ac78ba3,16583435,2023-02-08 10:22:23+00:00,0x925e912badb73ff8d01da8216345d01c2033886d5144cb931c632216ba974c77,115792089237316195423570985008687907853269984665640564039457584007913129639935,True,False,False
0x65a8f07bd9a8598e1b5b6c0a88f4779dbc077675,USDC,sushi,0xd9e1ce17f2641f24ae83637ab66a2cca9c378b9f,16590376,2023-02-09 09:42:47+00:00,0x5474ef9c0cf0530ce85185d4817cdafb540e59b25c90d6be385389c5d9b02139,115792089237316195423570985008687907853269984665640564039457584007913129639935,True,False,False
0x65a8f07bd9a8598e1b5b6c0a88f4779dbc077675,USDT,sushi,0xd9e1ce17f2641f24ae83637ab66a2cca9c378b9f,16590385,2023-02-09 09:44:35+00:00,0x32cfe4f044a8fbedda53f78eab622f2d05ebdfd48ad83a10e02942bd491c559f,115792089237316195423570985008687907853269984665640564039457584007913129639935,True,False,False
0x65a8f07bd9a8598e1b5b6c0a88f4779dbc077675,DAI,uniswap,0x000000000022d473030f116ddee9f6b43ac78ba3,17672411,2023-07-11 19:20:23+00:00,0x5af6e846cc881fcfd0327b31bafded32bef4633c78cd9ba541e787909991366c,115792089237316195423570985008687907853269984665640564039457584007913129639935,True,False,False
0x65a8f07bd9a8598e1b5b6c0a88f4779dbc077675,USDT,uniswap,0x000000000022d473030f116ddee9f6b43ac78ba3,18532340,2023-11-09 05:35:23+00:00,0x058fc1957e57872c59ac03e9142e6948f4a57014aeaa834e57e8310af2752d03,115792089237316195423570985008687907853269984665640564039457584007913129639935,True,False,False
0x65a8f07bd9a8598e1b5b6c0a88f4779dbc077675,DAI,uniswap,0x7a250d5630b4cf539739df2c5dacb4c659f2488d,18613607,2023-11-20 14:30:59+00:00,0xf583e5ad1c26d297f320e1fc5da35656b5003ae1b44eaf28d9d6f5fbcdccc9db,115792089237316195423570985008687907853269984665640564039457584007913129639935,True,False,False
0x6773f888b0965c530791411a0b3508348bde8d2f,USDT,sushi,0xac4c6e212a361c968f1725b4d055b47e63f80b75,23773116,2025-11-11 02:47:47+00:00,0x7c6c3a3b9aff77629412e099bf1aa866db0f1bfbba405ac485a890646bc264d5,115792089237316195423570985008687907853269984665640564039457584007913129639935,True,False,True
0x6773f888b0965c530791411a0b3508348bde8d2f,USDT,uniswap,0x000000000022d473030f116ddee9f6b43ac78ba3,23828380,2025-11-18 20:29:11+00:00,0xe8346fde07c7a4cf961e87a9ed79904e03844c9cd0e2cf8a6ae7134d4d306dcd,57896044618658097711785492504343953926634992332820282019728792003956564819967,False,True,True
0x68fb15c0b14b2730e47f7f1456e1a2bd1b70f639,USDT,uniswap,0x000000000022d473030f116ddee9f6b43ac78ba3,16457371,2023-01-21 19:48:59+00:00,0x2f5a4212d7bddc8c4cfbb89cb00cbb3582d821579a8d7a5357e2f269718f5863,115792089237316195423570985008687907853269984665640564039457584007913129639935,True,False,False
0x68fb15c0b14b2730e47f7f1456e1a2bd1b70f639,DAI,uniswap,0x000000000022d473030f116ddee9f6b43ac78ba3,16854122,2023-03-18 10:43:47+00:00,0xad98e9850e0550d4fc872b2b3c7b9677820b3bd98c9e5b915d013c6e158c5dc6,115792089237316195423570985008687907853269984665640564039457584007913129639935,True,False,False
0x68fb15c0b14b2730e47f7f1456e1a2bd1b70f639,USDT,uniswap,0x000000000022d473030f116ddee9f6b43ac78ba3,17662228,2023-07-10 08:58:23+00:00,0x97b21d79df5294cc2d8f204d4ffb9699049076ad0e363953835cdf8b3f70938c,35000000,False,False,False
0x68fb15c0b14b2730e47f7f1456e1a2bd1b70f639,USDT,uniswap,0x000000000022d473030f116ddee9f6b43ac78ba3,17876756,2023-08-09 10:29:23+00:00,0x80973a9bdf7e526250ff76fa7940601afbe5670d7400e0f2a725b352a2ef8e27,50000000,False,False,False
0x68fb15c0b14b2730e47f7f1456e1a2bd1b70f639,USDT,uniswap,0x000000000022d473030f116ddee9f6b43ac78ba3,17911360,2023-08-14 06:41:47+00:00,0x7d35083508f005ed70076f01062109a794eaa12483f9966c5327345a2bbbd000,15000000,False,False,False
0x68fb15c0b14b2730e47f7f1456e1a2bd1b70f639,USDT,uniswap,0x000000000022d473030f116ddee9f6b43ac78ba3,17918643,2023-08-15 07:06:23+00:00,0x9094dcf7f288815d8bec0e825722a5a001339a76900b8a722d106767546235e9,15000000,False,False,False
0x68fb15c0b14b2730e47f7f1456e1a2bd1b70f639,USDT,uniswap,0x000000000022d473030f116ddee9f6b43ac78ba3,17962706,2023-08-21 11:07:35+00:00,0x5a88c0f7301377babeec9b8b9594c7bf25b0c8f668bb1a6fd77cc30f972dec49,16000000,False,False,False
0x68fb15c0b14b2730e47f7f1456e1a2bd1b70f639,USDT,uniswap,0x000000000022d473030f116ddee9f6b43ac78ba3,17975627,2023-08-23 06:29:59+00:00,0x7c6e5a62f480ab79a2cb1fc9426c65718dbc786d16109cca5de4dad8e8ecd5ab,100000000,False,False,False
0x68fb15c0b14b2730e47f7f1456e1a2bd1b70f639,USDT,uniswap,0x000000000022d473030f116ddee9f6b43ac78ba3,17975885,2023-08-23 07:21:47+00:00,0x69301cabfd65771d1fc0e5c2419f4c966eff7f8638f7b7bfde70b1cfc4e78be4,100000000,False,False,False
0x68fb15c0b14b2730e47f7f1456e1a2bd1b70f639,USDT,sushi,0xe43ca1dee3f0fc1e2df73a0745674545f11a59f5,19648544,2024-04-13 18:50:23+00:00,0x43475662531534aa3651cddc8377c4d6805d6e049d4a953b4ec48f976037732a,10000000,False,False,False
0x68fb15c0b14b2730e47f7f1456e1a2bd1b70f639,USDT,sushi,0xe43ca1dee3f0fc1e2df73a0745674545f11a59f5,19716027,2024-04-23 05:31:59+00:00,0xcb6b3d9e85e3cd1a075ae88b8eb8b0cd76cdc6e08bb33dd92c8e91f4e44ccfb8,50000000,False,False,False
0x68fb15c0b14b2730e47f7f1456e1a2bd1b70f639,USDT,sushi,0xe43ca1dee3f0fc1e2df73a0745674545f11a59f5,19738026,2024-04-26 07:23:47+00:00,0xbfc503d9bd79508633c6f42ec34ab1e517f2980ff4d1ab022935b996dc14556b,100000000,False,False,False
0x68fb15c0b14b2730e47f7f1456e1a2bd1b70f639,USDT,sushi,0xe43ca1dee3f0fc1e2df73a0745674545f11a59f5,19788765,2024-05-03 09:42:23+00:00,0x4eba435a62a0fc7917cb98b25245da9cb600feb13207ba52362d3056d1f7087b,100000000,False,False,False
0x68fb15c0b14b2730e47f7f1456e1a2bd1b70f639,USDT,sushi,0xe43ca1dee3f0fc1e2df73a0745674545f11a59f5,19788775,2024-05-03 09:44:23+00:00,0x285ceb484d53293b32005bb389fff3eeffb5ea74c1923861396ba95711ff84eb,100000000,False,False,False
0x68fb15c0b14b2730e47f7f1456e1a2bd1b70f639,USDT,sushi,0xe43ca1dee3f0fc1e2df73a0745674545f11a59f5,19802509,2024-05-05 07:50:23+00:00,0xaa1d0c484762d2b13a1d851ec0530b34ded259b27110a05ae1abc409b1700a87,115792089237316195423570985008687907853269984665640564039457584007913129639935,True,False,False
0x68fb15c0b14b2730e47f7f1456e1a2bd1b70f639,USDT,uniswap,0x000000000022d473030f116ddee9f6b43ac78ba3,19831887,2024-05-09 10:27:47+00:00,0x5bfc0dc6ef214ef0afdbb54fc7e7a6f6c18c311074f7cdab5cc181d3f6b56e78,115792089237316195423570985008687907853269984665640564039457584007913129639935,True,False,False
0x68fb15c0b14b2730e47f7f1456e1a2bd1b70f639,USDT,sushi,0xac4c6e212a361c968f1725b4d055b47e63f80b75,21958282,2025-03-02 09:27:11+00:00,0xc614301aa18b829ca88073b2574002011d869b9cafcd986b2f93c4627fccf32b,2000000,False,False,False
0x68fb15c0b14b2730e47f7f1456e1a2bd1b70f639,USDT,sushi,0xac4c6e212a361c968f1725b4d055b47e63f80b75,22622067,2025-06-03 05:32:23+00:00,0x1181df371b0e3e671ad089a4a4a71f5146255584c0ff07733b698d748cf75b25,30000000,False,False,False
0x68fb15c0b14b2730e47f7f1456e1a2bd1b70f639,USDT,sushi,0xac4c6e212a361c968f1725b4d055b47e63f80b75,23019103,2025-07-28 17:22:23+00:00,0xa01b254058c66e5b196801741546576c660e7cf65f160aaee6556f8452a8d608,50000000,False,False,False
0x68fb15c0b14b2730e47f7f1456e1a2bd1b70f639,USDT,sushi,0xac4c6e212a361c968f1725b4d055b47e63f80b75,23316786,2025-09-08 07:08:59+00:00,0xa234401e77ab003665b143a69208473c9c54b433e1731eaa23e509495e742e34,10000000,False,False,False
0x68fb15c0b14b2730e47f7f1456e1a2bd1b70f639,USDT,sushi,0xac4c6e212a361c968f1725b4d055b47e63f80b75,23755081,2025-11-08 14:17:35+00:00,0xae1083ed336e8d03fb4df95afef05510629d2f9468cdac666185c76960c0ed26,3000000,False,False,False
0x68fb15c0b14b2730e47f7f1456e1a2bd1b70f639,USDT,sushi,0xac4c6e212a361c968f1725b4d055b47e63f80b75,23755651,2025-11-08 16:12:11+00:00,0xe41787a59817561ee45adab4e456d64753f135b3e176b0b67b176833cff35d98,115792089237316195423570985008687907853269984665640564039457584007913129639935,True,False,False
0x68fb15c0b14b2730e47f7f1456e1a2bd1b70f639,USDC,uniswap,0x000000000022d473030f116ddee9f6b43ac78ba3,24492771,2026-02-19 18:45:35+00:00,0x7cf5f3383e3adcf2e1e6270d4c6f993075f3f53547b052fae7a93a5c2ef63141,115792089237316195423570985008687907853269984665640564039457584007913129639935,True,False,False
0x68fb15c0b14b2730e47f7f1456e1a2bd1b70f639,USDC,sushi,0xac4c6e212a361c968f1725b4d055b47e63f80b75,24519250,2026-02-23 11:20:23+00:00,0x59fcdb00680f79d6ead87856e22bfdf3ddcf1263e51bad966c6f97df2344be6c,11326450,False,False,False
0x8cfae48fb3e54e143e5454ca2784b7bf3a0dc0d4,USDT,sushi,0xd9e1ce17f2641f24ae83637ab66a2cca9c378b9f,22328152,2025-04-23 00:32:35+00:00,0x0c2b262557fe88573116fffb2d1884613513d80a18fa40222963b673a73ba3eb,10100000,False,False,False
0x8cfae48fb3e54e143e5454ca2784b7bf3a0dc0d4,USDT,uniswap,0x7a250d5630b4cf539739df2c5dacb4c659f2488d,22383317,2025-04-30 17:22:11+00:00,0x174169397d2bbf3a6c5cc5376dac1dd376909aa14da81657e03cc417eed6d507,115792089237316195423570985008687907853269984665640564039457584007913129639935,True,False,False
0x8cfae48fb3e54e143e5454ca2784b7bf3a0dc0d4,USDT,uniswap,0x7a250d5630b4cf539739df2c5dacb4c659f2488d,22434858,2025-05-07 23:04:11+00:00,0x6bfea7bbee1a446082f7161d5b0722d94b21dfef53d37966b6d0113ad0f2bb73,172000000,False,False,False
0x8cfae48fb3e54e143e5454ca2784b7bf3a0dc0d4,USDT,uniswap,0x7a250d5630b4cf539739df2c5dacb4c659f2488d,22434860,2025-05-07 23:04:35+00:00,0x3a1e0fa381b5d7f5ffa0d5d4123b60e95632adadfbc03223d25851b2844486ab,172000000,False,False,False
0x8cfae48fb3e54e143e5454ca2784b7bf3a0dc0d4,USDT,uniswap,0x7a250d5630b4cf539739df2c5dacb4c659f2488d,22434865,2025-05-07 23:05:35+00:00,0x13adeb134bfa5f82d8a1639c402db0f52ae6b3d2619cd1c6ec6f7a1edc3aa613,172000000,False,False,False
0x8cfae48fb3e54e143e5454ca2784b7bf3a0dc0d4,USDT,uniswap,0x7a250d5630b4cf539739df2c5dacb4c659f2488d,22434867,2025-05-07 23:05:59+00:00,0xad69de10d649dad7dec5514c43f3f3d797cd0d069add8b95dd1f823b277e8103,172000000,False,False,False
0x8cfae48fb3e54e143e5454ca2784b7bf3a0dc0d4,USDT,uniswap,0x7a250d5630b4cf539739df2c5dacb4c659f2488d,22434869,2025-05-07 23:06:23+00:00,0x5712c73ece63df56ea34ecff25efb29cdb768dc0941f33ede48a5a6a6fe0238b,172000000,False,False,False
0x8cfae48fb3e54e143e5454ca2784b7bf3a0dc0d4,USDT,uniswap,0x7a250d5630b4cf539739df2c5dacb4c659f2488d,22434871,2025-05-07 23:06:47+00:00,0x40f6125ed176eb6f69b042bbdcd6f9382dfef3a23c40faa6eecfe5d4b9bdebc0,172000000,False,False,False
0x8cfae48fb3e54e143e5454ca2784b7bf3a0dc0d4,USDT,uniswap,0x7a250d5630b4cf539739df2c5dacb4c659f2488d,22434874,2025-05-07 23:07:23+00:00,0x12a1cb29e2ec320319fc8cd79598fc06300ee4dd53d46bfdc16458b9f914ca56,172000000,False,False,False
0x8cfae48fb3e54e143e5454ca2784b7bf3a0dc0d4,USDT,uniswap,0x7a250d5630b4cf539739df2c5dacb4c659f2488d,22434876,2025-05-07 23:07:47+00:00,0x24877bb39a1b220b061e53984abf1808e2b787a3131cb92b7772cd020351f109,172000000,False,False,False
0x8cfae48fb3e54e143e5454ca2784b7bf3a0dc0d4,USDT,uniswap,0x7a250d5630b4cf539739df2c5dacb4c659f2488d,22434880,2025-05-07 23:08:35+00:00,0x258f8987be2a3df29133fb359478a0763ca9a4281ba49a96df447bb15c1a18df,172000000,False,False,False
0x8cfae48fb3e54e143e5454ca2784b7bf3a0dc0d4,USDT,uniswap,0x7a250d5630b4cf539739df2c5dacb4c659f2488d,22434982,2025-05-07 23:30:11+00:00,0x6c3d8545fb0d4ae371c5f052d44e5dd593a0b3db4e1c6ac09b87d36a4d805dfc,172000000,False,False,False
0x8cfae48fb3e54e143e5454ca2784b7bf3a0dc0d4,USDT,uniswap,0x7a250d5630b4cf539739df2c5dacb4c659f2488d,22434984,2025-05-07 23:30:35+00:00,0x7b288f815bd95b3a879b10f6c805ee92f055a81b3611939cd0dd12832d599eee,172000000,False,False,False
0x8cfae48fb3e54e143e5454ca2784b7bf3a0dc0d4,USDT,uniswap,0x7a250d5630b4cf539739df2c5dacb4c659f2488d,22434986,2025-05-07 23:30:59+00:00,0x2d1bedca24ab81c06c518893887b4f2a1c340a49789e1bc887384787ab0c1b2b,172000000,False,False,False
0x8cfae48fb3e54e143e5454ca2784b7bf3a0dc0d4,USDT,uniswap,0x7a250d5630b4cf539739df2c5dacb4c659f2488d,22434992,2025-05-07 23:32:11+00:00,0xfca3a348f356a994cb818418ba43bec28d528bce9a50a325230bc96b5b8de592,172000000,False,False,False
0x8cfae48fb3e54e143e5454ca2784b7bf3a0dc0d4,USDT,uniswap,0x7a250d5630b4cf539739df2c5dacb4c659f2488d,22434994,2025-05-07 23:32:35+00:00,0x05d3fe74af79e78a6134155db86226e6a38eba6364f053aedbad86267892a70d,172000000,False,False,False
0x8cfae48fb3e54e143e5454ca2784b7bf3a0dc0d4,USDT,uniswap,0x7a250d5630b4cf539739df2c5dacb4c659f2488d,22435002,2025-05-07 23:34:11+00:00,0xcb5fe68f5175f9c37c56975342531fe569dbf1bb2e5b8dca5d11609d6cd35018,172000000,False,False,False
0x8cfae48fb3e54e143e5454ca2784b7bf3a0dc0d4,USDT,uniswap,0x7a250d5630b4cf539739df2c5dacb4c659f2488d,22435004,2025-05-07 23:34:35+00:00,0xd8593ea26a91b8ef1d8c4735d4f149f1b344e78a689c5e77d597a49f3d6dae3d,172000000,False,False,False
0x8cfae48fb3e54e143e5454ca2784b7bf3a0dc0d4,USDT,uniswap,0x7a250d5630b4cf539739df2c5dacb4c659f2488d,22435006,2025-05-07 23:34:59+00:00,0xadbc32b035751d496ceec11bbcb77a09c6549dc6630e8ea8243761ce5b12996f,172000000,False,False,False
0x8cfae48fb3e54e143e5454ca2784b7bf3a0dc0d4,USDT,uniswap,0x7a250d5630b4cf539739df2c5dacb4c659f2488d,22435008,2025-05-07 23:35:23+00:00,0xfb40009a5f6958b185042aec50c87528f9edc6f45cf0ba6a468c8a4694770a5c,172000000,False,False,False
0x8cfae48fb3e54e143e5454ca2784b7bf3a0dc0d4,USDT,uniswap,0x7a250d5630b4cf539739df2c5dacb4c659f2488d,22435324,2025-05-08 00:39:47+00:00,0x22427a3a299c12137280959e8c1f5684a7c8aa97ccd5fb9648ea8a689ad602a0,172000000,False,False,False
0x8cfae48fb3e54e143e5454ca2784b7bf3a0dc0d4,USDT,uniswap,0x7a250d5630b4cf539739df2c5dacb4c659f2488d,22435326,2025-05-08 00:40:11+00:00,0x02d3edcf1167e194a053c5cc94c8fdcbe433de35cff44be4637f2cfe7c4cc199,172000000,False,False,False
0x8cfae48fb3e54e143e5454ca2784b7bf3a0dc0d4,USDT,uniswap,0x7a250d5630b4cf539739df2c5dacb4c659f2488d,22435371,2025-05-08 00:49:11+00:00,0x62ed059ee77518db79b96fa242851b79fe68af24dd0bd70889e92362e3adcd85,172000000,False,False,False
0x8cfae48fb3e54e143e5454ca2784b7bf3a0dc0d4,USDT,uniswap,0x7a250d5630b4cf539739df2c5dacb4c659f2488d,22435373,2025-05-08 00:49:35+00:00,0x3cba9fe8b241cc37fc17d775d944308383fb9632061e015957c1a010de9f88a9,172000000,False,False,False
0x8cfae48fb3e54e143e5454ca2784b7bf3a0dc0d4,USDT,uniswap,0x7a250d5630b4cf539739df2c5dacb4c659f2488d,22435376,2025-05-08 00:50:11+00:00,0x4c4aaa0d514f85868fdf2ce949802826de01a9015f7e963832adc4c6fe367163,172000000,False,False,False
0x8cfae48fb3e54e143e5454ca2784b7bf3a0dc0d4,USDT,uniswap,0x7a250d5630b4cf539739df2c5dacb4c659f2488d,22435378,2025-05-08 00:50:35+00:00,0xc0b88008e38466ee3c2b37121f7f95498e551fe5d32d3b907e6fdcb5381ad7a3,172000000,False,False,False
0x8cfae48fb3e54e143e5454ca2784b7bf3a0dc0d4,USDT,uniswap,0x7a250d5630b4cf539739df2c5dacb4c659f2488d,22435386,2025-05-08 00:52:11+00:00,0x936135b6b0f61d1b5178bbd79308b423b6bf829ddd8e3e3636d463a8ffa18dc7,172000000,False,False,False
0x8cfae48fb3e54e143e5454ca2784b7bf3a0dc0d4,USDT,uniswap,0x7a250d5630b4cf539739df2c5dacb4c659f2488d,22435388,2025-05-08 00:52:35+00:00,0xc9d2215b970a3d3cdbde88d28f092fb0d5a6e181ddf9f2e9200be1447e06dbdd,172000000,False,False,False
0x8cfae48fb3e54e143e5454ca2784b7bf3a0dc0d4,USDT,uniswap,0x7a250d5630b4cf539739df2c5dacb4c659f2488d,22435390,2025-05-08 00:52:59+00:00,0xd50130b40c2be75e6c0329136518931e4b709dd48e3193680063ce087ffade00,172000000,False,False,False
0x8cfae48fb3e54e143e5454ca2784b7bf3a0dc0d4,USDT,uniswap,0x7a250d5630b4cf539739df2c5dacb4c659f2488d,22435397,2025-05-08 00:54:23+00:00,0xb1c7664a75d037c60f4caf11135911b043e32fff65124daca0b6c037cd362f25,172000000,False,False,False
0x8cfae48fb3e54e143e5454ca2784b7bf3a0dc0d4,USDT,uniswap,0x7a250d5630b4cf539739df2c5dacb4c659f2488d,22435402,2025-05-08 00:55:23+00:00,0x0cd7327b947ceff2e256272a449f83e5d352c74cd04c884201d8d7cb1678d5a4,172000000,False,False,False
0x8cfae48fb3e54e143e5454ca2784b7bf3a0dc0d4,USDT,uniswap,0x7a250d5630b4cf539739df2c5dacb4c659f2488d,22435405,2025-05-08 00:55:59+00:00,0x7341c1fe28d3763785a7ac3fccbd4164f07ed33a9ca6df885be685f0b383fb45,172000000,False,False,False
0x8cfae48fb3e54e143e5454ca2784b7bf3a0dc0d4,USDT,uniswap,0x7a250d5630b4cf539739df2c5dacb4c659f2488d,22435407,2025-05-08 00:56:23+00:00,0xc1114b13e48209d1a53e523e24aa011684dc18ef7c994959f3e3feb3d97498dd,172000000,False,False,False
0x8cfae48fb3e54e143e5454ca2784b7bf3a0dc0d4,USDT,uniswap,0x7a250d5630b4cf539739df2c5dacb4c659f2488d,22435409,2025-05-08 00:56:47+00:00,0xe7018f27ffaf8c0ef5245590839d2f2fc018d6f0d3066b9da29f089456df0e94,172000000,False,False,False
0x8cfae48fb3e54e143e5454ca2784b7bf3a0dc0d4,USDT,uniswap,0x7a250d5630b4cf539739df2c5dacb4c659f2488d,22439017,2025-05-08 13:08:59+00:00,0x0696835a34198542ffc1d888ba58fcef82a916ae6bac7f3950a0d59242ef8bd5,172000000,False,False,False
0x8cfae48fb3e54e143e5454ca2784b7bf3a0dc0d4,USDT,uniswap,0x7a250d5630b4cf539739df2c5dacb4c659f2488d,22441139,2025-05-08 20:20:47+00:00,0x35f0fed13591e9d86e5dc352f34a6850064744725b35ed49cc7100504b0af8ba,172000000,False,False,False
0x8cfae48fb3e54e143e5454ca2784b7bf3a0dc0d4,USDT,uniswap,0x7a250d5630b4cf539739df2c5dacb4c659f2488d,22441249,2025-05-08 20:43:11+00:00,0x4c55b6221e733dd35e01a82a828df06c9ae40b1c0e638602721f050880067b6a,172000000,False,False,False
0x8cfae48fb3e54e143e5454ca2784b7bf3a0dc0d4,USDT,uniswap,0x7a250d5630b4cf539739df2c5dacb4c659f2488d,22441669,2025-05-08 22:08:23+00:00,0x946b69db0cf5872162862b52109900b6a7b9dc7e6774947c30c5572746d732e2,172000000,False,False,False
0x8cfae48fb3e54e143e5454ca2784b7bf3a0dc0d4,USDT,uniswap,0x7a250d5630b4cf539739df2c5dacb4c659f2488d,22445405,2025-05-09 10:45:47+00:00,0x6c80b5053126c1ae52ee227084288919751158d440d7cda415df8a690c4b6a52,180000000,False,False,False
0x8cfae48fb3e54e143e5454ca2784b7bf3a0dc0d4,USDT,uniswap,0x7a250d5630b4cf539739df2c5dacb4c659f2488d,22451175,2025-05-10 06:20:23+00:00,0xd548c12e64382ef0c44490c65c738bc34ffc1d32bb152782bc815271c44c1e89,180000000,False,False,False
0x8cfae48fb3e54e143e5454ca2784b7bf3a0dc0d4,USDT,uniswap,0x7a250d5630b4cf539739df2c5dacb4c659f2488d,22453379,2025-05-10 13:46:35+00:00,0xb5e300736b0f43eea7ebb827ebfdfe85c2921905f4a360f958099b134f4c1338,180000000,False,False,False
0x8cfae48fb3e54e143e5454ca2784b7bf3a0dc0d4,USDT,uniswap,0x7a250d5630b4cf539739df2c5dacb4c659f2488d,22453390,2025-05-10 13:48:47+00:00,0xebf22d71b525f7f631a3451bb5d579d9f7d13fb4a468dd6a04ea62876317f215,74207560502749081,False,False,False
0x8cfae48fb3e54e143e5454ca2784b7bf3a0dc0d4,USDT,sushi,0xd9e1ce17f2641f24ae83637ab66a2cca9c378b9f,24349482,2026-01-30 18:29:11+00:00,0x6ffb6fbdde28ae8d156dc107fba9749d9c678262ff0d9b0950ffe6efa5201ca2,115792089237316195423570985008687907853269984665640564039457584007913129639935,True,False,False
0x90c1f228623f73a6f3cbef5160eea19b9ebf80e2,USDT,uniswap,0x68b3465833fb72a70ecdf485e0e4c7bd8665fc45,24395224,2026-02-06 03:53:11+00:00,0xc1f4eb823ad98e6ea0b8ee344e91fd0fc47372557501c29e3e91d65893d9c268,2000000,False,False,False
0x90c1f228623f73a6f3cbef5160eea19b9ebf80e2,USDT,uniswap,0x68b3465833fb72a70ecdf485e0e4c7bd8665fc45,24417110,2026-02-09 05:26:11+00:00,0x256725d5d8125a7ac6b35a337e8094c7e2d90da10454ddfc0bebcbe043461fc8,5000000000000,False,False,False
0x90c1f228623f73a6f3cbef5160eea19b9ebf80e2,USDT,uniswap,0x68b3465833fb72a70ecdf485e0e4c7bd8665fc45,24417530,2026-02-09 06:50:35+00:00,0xa85b791944b32e77ecb97c3f78c7e1a92a07af754a5989dc92e4235bef07e51f,2000000,False,False,False
0x90c1f228623f73a6f3cbef5160eea19b9ebf80e2,USDT,uniswap,0x68b3465833fb72a70ecdf485e0e4c7bd8665fc45,24417630,2026-02-09 07:10:47+00:00,0x49ba08a5645534b15cb36b2d0d70f3a8805ce9a668bd02b2d0b4ccd43566b6fd,3000000000000,False,False,False
0x90c1f228623f73a6f3cbef5160eea19b9ebf80e2,USDT,uniswap,0x68b3465833fb72a70ecdf485e0e4c7bd8665fc45,24426135,2026-02-10 11:40:11+00:00,0x9d905c5e64e5625537c106627587f1407f4ef5b7cd26802267f61743e22c66b8,2000000,False,False,False
0x90c1f228623f73a6f3cbef5160eea19b9ebf80e2,USDT,uniswap,0x68b3465833fb72a70ecdf485e0e4c7bd8665fc45,24426154,2026-02-10 11:43:59+00:00,0x16e7b818ceac2a3320138dd87f893d5c589089fd008db2facfa388dc96ccaa16,5000000,False,False,False
0x90c1f228623f73a6f3cbef5160eea19b9ebf80e2,USDT,uniswap,0x68b3465833fb72a70ecdf485e0e4c7bd8665fc45,24430260,2026-02-11 01:31:35+00:00,0x82b1a53315159f07f330cba698d464faeb05d7ad39015d60f1ee5e2e2302aaa7,1000000,False,False,False
0x90c1f228623f73a6f3cbef5160eea19b9ebf80e2,USDT,uniswap,0x68b3465833fb72a70ecdf485e0e4c7bd8665fc45,24430841,2026-02-11 03:27:59+00:00,0x1a569bd6dc51f3619ebb7562d86c2dabaf8e4cc57ef81e2b48d73bac94ff4a23,115792089237316195423570985008687907853269984665640564039457584007913129639935,True,False,False
0x90c1f228623f73a6f3cbef5160eea19b9ebf80e2,USDT,sushi,0xd9e1ce17f2641f24ae83637ab66a2cca9c378b9f,24431085,2026-02-11 04:17:11+00:00,0x0b5a540fd91bd49afc5491e8d8906df4a0c6dd6010cb56bc53418d4f1261fc0a,115792089237316195423570985008687907853269984665640564039457584007913129639935,True,False,False
0x90c1f228623f73a6f3cbef5160eea19b9ebf80e2,USDT,uniswap,0xe592427a0aece92de3edee1f18e0157c05861564,24432461,2026-02-11 08:53:35+00:00,0x8c3b97ed95419a5f759909d8ce0b433fee2976f15797cf9e7badd41704049ad6,115792089237316195423570985008687907853269984665640564039457584007913129639935,True,False,False
0x90c1f228623f73a6f3cbef5160eea19b9ebf80e2,USDC,uniswap,0xe592427a0aece92de3edee1f18e0157c05861564,24438317,2026-02-12 04:30:11+00:00,0x200da2d99601d35c5d56be755579e45f29ea748814dbe88f7fb533a9666f921b,115792089237316195423570985008687907853269984665640564039457584007913129639935,True,False,False
0x90c1f228623f73a6f3cbef5160eea19b9ebf80e2,USDC,uniswap,0x000000000022d473030f116ddee9f6b43ac78ba3,24545685,2026-02-27 03:49:59+00:00,0x7d7e7d2aeb7b8e95d19d439dba71a56aa213cb780fab15b9e0d4ff07067a4b1d,115792089237316195423570985008687907853269984665640564039457584007913129639935,True,False,False
0x9b860b5f6ce49c84eef8e322b03cf6322008bc95,DAI,uniswap,0x000000000022d473030f116ddee9f6b43ac78ba3,17673904,2023-07-12 00:23:35+00:00,0xe0f471c38ee10ba9e868eb0a41fd4e020180835f4589a58ccdc9568350a596b8,10200000000000000000000,False,False,False
0x9b860b5f6ce49c84eef8e322b03cf6322008bc95,DAI,uniswap,0x000000000022d473030f116ddee9f6b43ac78ba3,17673920,2023-07-12 00:26:47+00:00,0xfda8900ac863f5742a79c411a3261687777b5078ab128b6dac535754ef438c0c,2601000000000000000000,False,False,False
0x9b860b5f6ce49c84eef8e322b03cf6322008bc95,DAI,uniswap,0x000000000022d473030f116ddee9f6b43ac78ba3,18685815,2023-11-30 17:09:47+00:00,0xfa7774326befbd8c90afeff6943f3fd6019f6bb64394f42f8c9a4b0b74ccf063,20300000000000000000000,False,False,False
0x9b860b5f6ce49c84eef8e322b03cf6322008bc95,DAI,uniswap,0x000000000022d473030f116ddee9f6b43ac78ba3,19901458,2024-05-19 03:59:23+00:00,0x9ce6caffe64455020b5dc4d1eae2e8139be4b8bafd7c3635ffdf5b092bcac7e2,7100000000000000000000,False,False,False
0x9b860b5f6ce49c84eef8e322b03cf6322008bc95,DAI,uniswap,0x000000000022d473030f116ddee9f6b43ac78ba3,20995826,2024-10-18 23:46:47+00:00,0xd773607e47fa5ad0d70a39b41ccfe44393b49a6ac095df96b684e377fa364b3d,115792089237316195423570985008687907853269984665640564039457584007913129639935,True,False,False
0x9b860b5f6ce49c84eef8e322b03cf6322008bc95,USDC,uniswap,0x000000000022d473030f116ddee9f6b43ac78ba3,21212237,2024-11-18 04:33:35+00:00,0x8ddf1cd16892abd9a2a89908a8484debf34c2fb228fccc7bf5e0baf21e1e4772,115792089237316195423570985008687907853269984665640564039457584007913129639935,True,False,False
0x9b860b5f6ce49c84eef8e322b03cf6322008bc95,USDC,sushi,0xac4c6e212a361c968f1725b4d055b47e63f80b75,21941762,2025-02-28 02:09:23+00:00,0x4a65c08690a6dd526aa66c40ab4f7d669414efd705d60f653525596df55d1cef,12993210000,False,False,False
0x9b860b5f6ce49c84eef8e322b03cf6322008bc95,USDC,sushi,0xac4c6e212a361c968f1725b4d055b47e63f80b75,21941959,2025-02-28 02:48:59+00:00,0x1dd3a094270515d774b1f63715d47ec22f91f476a7f256a2fe62f0839780d8b9,78307552116,False,False,False
0x9b860b5f6ce49c84eef8e322b03cf6322008bc95,DAI,sushi,0xac4c6e212a361c968f1725b4d055b47e63f80b75,21954871,2025-03-01 22:01:23+00:00,0xf0ff64ecea771682848dddc05d6f011717d04409e5b5b4ec62571d6a9d042e32,30000000000000000000000,False,False,False
0x9b860b5f6ce49c84eef8e322b03cf6322008bc95,DAI,sushi,0xac4c6e212a361c968f1725b4d055b47e63f80b75,21960369,2025-03-02 16:25:23+00:00,0xa08b9e60c09aa54261ac31d13c17c1272135c7d11d74b4fbd0e42f39865a8dcd,60000000000000000000000,False,False,False
0x9b860b5f6ce49c84eef8e322b03cf6322008bc95,DAI,sushi,0xac4c6e212a361c968f1725b4d055b47e63f80b75,21960473,2025-03-02 16:46:11+00:00,0x8800a07b8f635dddaeb0f0949af4875556c2743cd1907868a715e4079ffd4611,90000000000000000000000,False,False,False
0x9b860b5f6ce49c84eef8e322b03cf6322008bc95,DAI,sushi,0xac4c6e212a361c968f1725b4d055b47e63f80b75,21961359,2025-03-02 19:43:35+00:00,0x54c1566bb30091fb9093ae277406d5104f99a95e79d1e138812bd401a8def02c,12000000000000000000000,False,False,False
0x9b860b5f6ce49c84eef8e322b03cf6322008bc95,DAI,sushi,0xac4c6e212a361c968f1725b4d055b47e63f80b75,21961408,2025-03-02 19:53:23+00:00,0x842fa66fd295863376433b7e52b656e00cc6d7973ce9ad82c3fc2e8e49869c64,20000000000000000000000,False,False,False
0x9b860b5f6ce49c84eef8e322b03cf6322008bc95,DAI,sushi,0xac4c6e212a361c968f1725b4d055b47e63f80b75,21961538,2025-03-02 20:19:35+00:00,0xc9d807326974067de975a89a09f8b47fdfabbb2107d967866cc2bb605723a5b3,20000000000000000000000,False,False,False
0x9b860b5f6ce49c84eef8e322b03cf6322008bc95,DAI,sushi,0xac4c6e212a361c968f1725b4d055b47e63f80b75,21961728,2025-03-02 20:57:35+00:00,0xa80d223a61a9897bbd0fa0d89c401e24f3652fc0cc5e8df3d1c2c4f8d9c40160,15000000000000000000000,False,False,False
0x9b860b5f6ce49c84eef8e322b03cf6322008bc95,DAI,sushi,0xac4c6e212a361c968f1725b4d055b47e63f80b75,21961765,2025-03-02 21:04:59+00:00,0xe1789678b3c99c8c19e445fd8e92037958cb4a0d838290797e72535a55ea49cf,5000000000000000000000,False,False,False
0x9b860b5f6ce49c84eef8e322b03cf6322008bc95,DAI,sushi,0xac4c6e212a361c968f1725b4d055b47e63f80b75,21962034,2025-03-02 21:58:59+00:00,0xa8a6dcc96cc8870c87c96c4c00a463bea73b4714ba31a0c9731b2abb585b5172,20000000000000000000000,False,False,False
0x9b860b5f6ce49c84eef8e322b03cf6322008bc95,USDC,sushi,0xac4c6e212a361c968f1725b4d055b47e63f80b75,21963061,2025-03-03 01:25:11+00:00,0x8dcf4f06af73fb716c79230578a326de9b5e41efc0702c567c95d8e2def720bb,19440023691,False,False,False
0x9b860b5f6ce49c84eef8e322b03cf6322008bc95,USDC,sushi,0xac4c6e212a361c968f1725b4d055b47e63f80b75,21964701,2025-03-03 06:54:59+00:00,0x7283b8f8d6d80a7850c5aa5730c7245b4bc30e6d925651343583c3ef9d0f0a83,8000000000,False,False,False
0x9b860b5f6ce49c84eef8e322b03cf6322008bc95,USDC,sushi,0xac4c6e212a361c968f1725b4d055b47e63f80b75,21964745,2025-03-03 07:03:47+00:00,0xae6d75e81f1cf6178731a067345fe9a383b6d1bf4c8fd041cb83911bd36a1c38,10000480225,False,False,False
0x9b860b5f6ce49c84eef8e322b03cf6322008bc95,USDC,sushi,0xac4c6e212a361c968f1725b4d055b47e63f80b75,21967211,2025-03-03 15:19:59+00:00,0xca9be14b3bd19b0cde3290f0ec1e54f41d7b337a7a664a9b254bb0bfd82e6e83,9663577723,False,False,False
0x9b860b5f6ce49c84eef8e322b03cf6322008bc95,USDC,sushi,0xac4c6e212a361c968f1725b4d055b47e63f80b75,21968138,2025-03-03 18:25:59+00:00,0x924219e4bd66f92bf4b7317f0e6fd11b63ea729ad5c9497d9f9685bc06407b39,115792089237316195423570985008687907853269984665640564039457584007913129639935,True,False,False
0x9b860b5f6ce49c84eef8e322b03cf6322008bc95,DAI,sushi,0xac4c6e212a361c968f1725b4d055b47e63f80b75,21969607,2025-03-03 23:21:11+00:00,0x30794cf6444bbafb7a666e493f5240c5da69c8029864b68ab4f63d3a74cd9d90,115792089237316195423570985008687907853269984665640564039457584007913129639935,True,False,False
0x9b860b5f6ce49c84eef8e322b03cf6322008bc95,USDT,sushi,0xac4c6e212a361c968f1725b4d055b47e63f80b75,22133178,2025-03-26 19:29:11+00:00,0x4e39706de78478d2b27475dc0de7be3f98f1e022775f574d3a155a525d2b4134,35448752852,False,False,False
0x9b860b5f6ce49c84eef8e322b03cf6322008bc95,USDT,sushi,0xac4c6e212a361c968f1725b4d055b47e63f80b75,22143238,2025-03-28 05:11:23+00:00,0xfdf23fe9b34b76a114c8694b496e8fcf2e2869242e4217a7022b313e2acc50c5,38726594342,False,False,False
0x9b860b5f6ce49c84eef8e322b03cf6322008bc95,USDT,sushi,0xac4c6e212a361c968f1725b4d055b47e63f80b75,22151343,2025-03-29 08:22:59+00:00,0x42692ed2752b6f8d2a4c75a01d8f7dffbea49e6f183311dcf97c1f8bc387ec82,115792089237316195423570985008687907853269984665640564039457584007913129639935,True,False,False
0x9b860b5f6ce49c84eef8e322b03cf6322008bc95,USDT,uniswap,0x000000000022d473030f116ddee9f6b43ac78ba3,24356422,2026-01-31 17:42:59+00:00,0x6912a281db4ce96b6c758fc6ba9bb8eee12e80dc3b70ecac2cfafb5ee5440534,115792089237316195423570985008687907853269984665640564039457584007913129639935,True,False,False
0xa43ebc0f73cdf2559ecce570761d3e1d60517cbf,USDT,uniswap,0x68b3465833fb72a70ecdf485e0e4c7bd8665fc45,24425620,2026-02-10 09:56:59+00:00,0x97e3244675b6d3ceea3282664bf5902e9eb0f1ffbb9c6545acd7938ee149484d,1000000,False,False,False
0xa43ebc0f73cdf2559ecce570761d3e1d60517cbf,USDT,uniswap,0x68b3465833fb72a70ecdf485e0e4c7bd8665fc45,24431515,2026-02-11 05:43:47+00:00,0xc3ac8fd38bdff69dcf48be48e6d35d0f34076d6a93ec333faece3ce604b6d4a1,115792089237316195423570985008687907853269984665640564039457584007913129639935,True,False,False
0xa43ebc0f73cdf2559ecce570761d3e1d60517cbf,USDT,uniswap,0x7a250d5630b4cf539739df2c5dacb4c659f2488d,24432191,2026-02-11 07:59:35+00:00,0x022ef458efb816b8f57a87ae91bba69d657e86ce48518afe634de175b2b075b4,115792089237316195423570985008687907853269984665640564039457584007913129639935,True,False,False
0xa43ebc0f73cdf2559ecce570761d3e1d60517cbf,USDT,sushi,0xd9e1ce17f2641f24ae83637ab66a2cca9c378b9f,24432265,2026-02-11 08:14:23+00:00,0xec557654ce47d739ca7d0141444f9bc637bae036f0ea062e763101ee085942a9,115792089237316195423570985008687907853269984665640564039457584007913129639935,True,False,False
0xa43ebc0f73cdf2559ecce570761d3e1d60517cbf,USDT,uniswap,0xe592427a0aece92de3edee1f18e0157c05861564,24432972,2026-02-11 10:36:11+00:00,0x283802db16ca6b0dbffdbea77836f56e58adb0c65e6002dbc3525b80b5f31c7e,115792089237316195423570985008687907853269984665640564039457584007913129639935,True,False,False
0xa43ebc0f73cdf2559ecce570761d3e1d60517cbf,USDT,uniswap,0xe592427a0aece92de3edee1f18e0157c05861564,24437809,2026-02-12 02:47:59+00:00,0xb49d09d49ba151b6cbd8448d80e5124af621cc1f48c6086375f15e2abea0cc82,115792089237316195423570985008687907853269984665640564039457584007913129639935,True,False,False
0xa43ebc0f73cdf2559ecce570761d3e1d60517cbf,USDT,uniswap,0xe592427a0aece92de3edee1f18e0157c05861564,24437861,2026-02-12 02:58:23+00:00,0xcb16f8b358c8f2483dac839f294d0e17757cbcdb105836439e389f19cab977da,115792089237316195423570985008687907853269984665640564039457584007913129639935,True,False,False
0xa43ebc0f73cdf2559ecce570761d3e1d60517cbf,USDT,uniswap,0x7a250d5630b4cf539739df2c5dacb4c659f2488d,24438499,2026-02-12 05:06:35+00:00,0x8e331aed6ef8c26435f6cc84fd0b02635e0578f78c2a067ffc4922a04421d9a7,115792089237316195423570985008687907853269984665640564039457584007913129639935,True,False,False
0xa43ebc0f73cdf2559ecce570761d3e1d60517cbf,USDC,uniswap,0x7a250d5630b4cf539739df2c5dacb4c659f2488d,24438525,2026-02-12 05:11:47+00:00,0xe6d33f4f8339884d76c783f34c07374ea633293abe24f672424b4c9feafc1224,115792089237316195423570985008687907853269984665640564039457584007913129639935,True,False,False
0xa43ebc0f73cdf2559ecce570761d3e1d60517cbf,USDC,uniswap,0xe592427a0aece92de3edee1f18e0157c05861564,24438538,2026-02-12 05:14:35+00:00,0x86971e2c476cce8b938f3efe306396e620b87c936036606b89832e522472f26a,115792089237316195423570985008687907853269984665640564039457584007913129639935,True,False,False
0xa43ebc0f73cdf2559ecce570761d3e1d60517cbf,USDT,sushi,0xd9e1ce17f2641f24ae83637ab66a2cca9c378b9f,24439289,2026-02-12 07:45:23+00:00,0x4c308c0396e076ce3eeff86e92b6214360ed57ed185bc02c58b914aeb57c52eb,115792089237316195423570985008687907853269984665640564039457584007913129639935,True,False,False
0xa43ebc0f73cdf2559ecce570761d3e1d60517cbf,USDT,uniswap,0xe592427a0aece92de3edee1f18e0157c05861564,24554743,2026-02-28 10:09:47+00:00,0x2b312a3e529babc80aebee5a711770e66252e808f5a1b4bb235aea197ce7172e,500000,False,False,False
0xb6f4ae08901ceb98eb6535e4a1f12ecb14359b79,USDC,uniswap,0x68b3465833fb72a70ecdf485e0e4c7bd8665fc45,16092986,2022-12-01 22:37:47+00:00,0xd037370abf03211b411bf2e4423d4b8c9fe92719480a4d6d7fe48cbd4460a4cd,1000000,False,False,False
0xb6f4ae08901ceb98eb6535e4a1f12ecb14359b79,USDT,uniswap,0x68b3465833fb72a70ecdf485e0e4c7bd8665fc45,16092989,2022-12-01 22:38:23+00:00,0x743a351daaf1d0e21e0b1a9180827a9bb2c5746b5ab4c8acfd0a497164a0a91c,115792089237316195423570985008687907853269984665640564039457584007913129639935,True,False,False
0xb6f4ae08901ceb98eb6535e4a1f12ecb14359b79,USDC,sushi,0xd9e1ce17f2641f24ae83637ab66a2cca9c378b9f,16375518,2023-01-10 09:29:35+00:00,0x53771285ed6615d88e3d0d73d7e5134e6caaa5da1f244cd58c0aa4cc67c90fba,115792089237316195423570985008687907853269984665640564039457584007913129639935,True,False,False
0xb6f4ae08901ceb98eb6535e4a1f12ecb14359b79,USDC,uniswap,0x68b3465833fb72a70ecdf485e0e4c7bd8665fc45,16375655,2023-01-10 09:57:11+00:00,0xc1d93a4ad5991b22709023d4a326610237633a5dc32afdee4362e78a4e0b26aa,35000000,False,False,False
0xb6f4ae08901ceb98eb6535e4a1f12ecb14359b79,USDC,uniswap,0x000000000022d473030f116ddee9f6b43ac78ba3,21824739,2025-02-11 17:22:11+00:00,0x4462dbe4ed6b53270abeccdb90bfb8340b72580873e33fca4a78e08304ef8d6e,115792089237316195423570985008687907853269984665640564039457584007913129639935,True,False,False
0xb6f4ae08901ceb98eb6535e4a1f12ecb14359b79,USDC,uniswap,0x000000000022d473030f116ddee9f6b43ac78ba3,24075555,2025-12-23 13:16:59+00:00,0xd36a8bd1081630a96a3b72f33b2719b21df1013b273ff7ef82ed57fa66921721,115792089237316195423570985008687907853269984665640564039457584007913129639935,True,False,False
0xb6f4ae08901ceb98eb6535e4a1f12ecb14359b79,USDC,sushi,0xac4c6e212a361c968f1725b4d055b47e63f80b75,24075775,2025-12-23 14:01:11+00:00,0xd5be6760228718f79c17830d132d24bec383959c477e1b15ff9c5b9a8e77eca7,29296793,False,False,False
0xb6f4ae08901ceb98eb6535e4a1f12ecb14359b79,USDC,sushi,0xac4c6e212a361c968f1725b4d055b47e63f80b75,24075776,2025-12-23 14:01:23+00:00,0x4e03a05d651e9850407e85a3704e2f6dee982720da4ee431bb184cb089ea355a,29296793,False,False,False
0xb6f4ae08901ceb98eb6535e4a1f12ecb14359b79,USDT,uniswap,0x000000000022d473030f116ddee9f6b43ac78ba3,24102480,2025-12-27 07:29:47+00:00,0xec981d7a34df8a05498de5f536b496d7d2be51befb8ca3693ca709ebb22cfbd9,115792089237316195423570985008687907853269984665640564039457584007913129639935,True,False,False
0xb6f4ae08901ceb98eb6535e4a1f12ecb14359b79,USDC,uniswap,0x000000000022d473030f116ddee9f6b43ac78ba3,24131063,2025-12-31 07:17:35+00:00,0x59653ed4c86218e93774f9c9ed9d2ee693326b10a44971ce28ba13d25745c78a,115792089237316195423570985008687907853269984665640564039457584007913129639935,True,False,False
0xb6f4ae08901ceb98eb6535e4a1f12ecb14359b79,USDT,uniswap,0x000000000022d473030f116ddee9f6b43ac78ba3,24131070,2025-12-31 07:18:59+00:00,0xa756fda0c42aed3ce0af0f6c7b6211f54a2d02e4df8fc55ada229a9bac8fc021,115792089237316195423570985008687907853269984665640564039457584007913129639935,True,False,False
0xb6f4ae08901ceb98eb6535e4a1f12ecb14359b79,DAI,uniswap,0x000000000022d473030f116ddee9f6b43ac78ba3,24131081,2025-12-31 07:21:11+00:00,0xbb8fe691be44f0099473a7c96f4a256f60a9c97c36f29b247aa2050d7f2e3364,115792089237316195423570985008687907853269984665640564039457584007913129639935,True,False,False
0xb6f4ae08901ceb98eb6535e4a1f12ecb14359b79,USDC,uniswap,0x000000000022d473030f116ddee9f6b43ac78ba3,24155014,2026-01-03 15:27:35+00:00,0xf5cede92f7584ce49a1089fa220a54e5b7efb5ef3961ddc46738b915519be8a1,115792089237316195423570985008687907853269984665640564039457584007913129639935,True,False,False
0xb6f4ae08901ceb98eb6535e4a1f12ecb14359b79,DAI,uniswap,0x000000000022d473030f116ddee9f6b43ac78ba3,24155019,2026-01-03 15:28:35+00:00,0x046176c1d4b9adb1b3bfeba56b0e705b1fe6c3815a9f29177a6d8a15bda501a0,115792089237316195423570985008687907853269984665640564039457584007913129639935,True,False,False
0xb6f4ae08901ceb98eb6535e4a1f12ecb14359b79,USDT,uniswap,0x000000000022d473030f116ddee9f6b43ac78ba3,24155029,2026-01-03 15:30:35+00:00,0xb9097b0ac522092b9238387d50df5f6c150a496903b933ea3a49c680e7dfab0f,115792089237316195423570985008687907853269984665640564039457584007913129639935,True,False,False
0xb6f4ae08901ceb98eb6535e4a1f12ecb14359b79,USDC,uniswap,0x000000000022d473030f116ddee9f6b43ac78ba3,24194891,2026-01-09 05:00:11+00:00,0x52bb1cb5b4c84f3c5f4ffb838d8f76a00a405cb94b666deb4bf8b3dd96728051,115792089237316195423570985008687907853269984665640564039457584007913129639935,True,False,False
0xb6f4ae08901ceb98eb6535e4a1f12ecb14359b79,USDT,uniswap,0x000000000022d473030f116ddee9f6b43ac78ba3,24194902,2026-01-09 05:02:23+00:00,0x72db7b436b3bcfb7b355b8ac43bc6fffdd8d077ba4b68098833cf1835b396876,115792089237316195423570985008687907853269984665640564039457584007913129639935,True,False,False
0xb6f4ae08901ceb98eb6535e4a1f12ecb14359b79,DAI,uniswap,0x000000000022d473030f116ddee9f6b43ac78ba3,24194931,2026-01-09 05:08:11+00:00,0xd2e49a0efcfb4c04f9d7743c67970edbd5b4746238b4bb3d18db657789c54f6c,115792089237316195423570985008687907853269984665640564039457584007913129639935,True,False,False
0xb6f4ae08901ceb98eb6535e4a1f12ecb14359b79,DAI,uniswap,0x000000000022d473030f116ddee9f6b43ac78ba3,24345967,2026-01-30 06:43:47+00:00,0x1d0fa476ea36b034a6db2c7685987e1c30cb9771bd05ffee57dc8011eded5e58,115792089237316195423570985008687907853269984665640564039457584007913129639935,True,False,False
0xb6f4ae08901ceb98eb6535e4a1f12ecb14359b79,USDC,uniswap,0x000000000022d473030f116ddee9f6b43ac78ba3,24347223,2026-01-30 10:55:59+00:00,0x0ab9dddd330c21902239b9c1b62c48e671566f836295126218c155f87c18e19b,115792089237316195423570985008687907853269984665640564039457584007913129639935,True,False,False
0xb6f4ae08901ceb98eb6535e4a1f12ecb14359b79,USDT,uniswap,0x000000000022d473030f116ddee9f6b43ac78ba3,24347245,2026-01-30 11:00:23+00:00,0x9a5148d1ed8fdb5f5ff1515ca66c6dd506a7d73b102ab345b157b09d5ee0b32a,115792089237316195423570985008687907853269984665640564039457584007913129639935,True,False,False
0xd9ef3059f4cb6176d5912c836cf7691c7c3f4fe9,USDT,sushi,0xd9e1ce17f2641f24ae83637ab66a2cca9c378b9f,16491533,2023-01-26 14:17:35+00:00,0x5fdc95bc8bba20a62182e46fdcc13d7565ad5acd8d9e48d1d83a508ce4bfd809,115792089237316195423570985008687907853269984665640564039457584007913129639935,True,False,True
0xd9ef3059f4cb6176d5912c836cf7691c7c3f4fe9,USDT,uniswap,0x000000000022d473030f116ddee9f6b43ac78ba3,17881468,2023-08-10 02:19:47+00:00,0x120c5d89ee090eb67e89b4d30734d5fb8fd9ffe59cc389028e383404b3990e61,1918031063,False,False,True
0xd9ef3059f4cb6176d5912c836cf7691c7c3f4fe9,USDT,uniswap,0x000000000022d473030f116ddee9f6b43ac78ba3,17923065,2023-08-15 21:56:59+00:00,0xf2832defc5fa17e4a0a3d7cde8d2058dbe66cd3e411e2b01d14f957615ada27f,1918031063,False,False,True
0xd9ef3059f4cb6176d5912c836cf7691c7c3f4fe9,USDT,uniswap,0x000000000022d473030f116ddee9f6b43ac78ba3,17923120,2023-08-15 22:07:59+00:00,0xa83bd51146c217870712c81fa254e91879618aa2d8392735dc1c61ff39fca013,1918031063,False,False,True
0xd9ef3059f4cb6176d5912c836cf7691c7c3f4fe9,USDT,uniswap,0x000000000022d473030f116ddee9f6b43ac78ba3,17931047,2023-08-17 00:44:47+00:00,0xdab8a1c6ea9bc7bde10d020572f90f7aaf89156a7f0f0a5148fc219c3c26964a,1918031063,False,False,True
0xd9ef3059f4cb6176d5912c836cf7691c7c3f4fe9,USDT,uniswap,0x000000000022d473030f116ddee9f6b43ac78ba3,19259089,2024-02-19 03:22:23+00:00,0x8be4d0d34ae11a2f4b6a8f61c8503dc07500d30cf2adabb0c6797d445622cd07,1205301201,False,False,True
0xd9ef3059f4cb6176d5912c836cf7691c7c3f4fe9,USDC,sushi,0xac4c6e212a361c968f1725b4d055b47e63f80b75,23811980,2025-11-16 13:15:23+00:00,0x19f43398349f5385ed71258390000272d0b6187ae5c3ec5c6b3388b47dd2414b,1000000000,False,False,False
0xd9ef3059f4cb6176d5912c836cf7691c7c3f4fe9,USDC,uniswap,0x000000000022d473030f116ddee9f6b43ac78ba3,24392620,2026-02-05 19:08:47+00:00,0xf96914ab46e5af15eee143193cfd88e71800deb856e29b26a5a40b89afbf2118,115792089237316195423570985008687907853269984665640564039457584007913129639935,True,False,False
0xdaf96eaad46e4de937873a1935022f034b2db51e,USDC,sushi,0xac4c6e212a361c968f1725b4d055b47e63f80b75,24179523,2026-01-07 01:29:23+00:00,0x2701f800636d7edb312f13eec1b772ceb02bf42fc245a47fd8ef3766c40a647b,1063453,False,False,True
0xdaf96eaad46e4de937873a1935022f034b2db51e,USDT,sushi,0xac4c6e212a361c968f1725b4d055b47e63f80b75,24186390,2026-01-08 00:29:47+00:00,0xcc65f543531914ea3c30d41e4f882ef2b1aea94e534f9e34832993c0a96a9d61,13032385,False,False,False
0xdaf96eaad46e4de937873a1935022f034b2db51e,USDC,sushi,0xac4c6e212a361c968f1725b4d055b47e63f80b75,24201734,2026-01-10 03:53:47+00:00,0x13d193c9e6194ec634fa35e97e54eaf41f44f391f427fb547fb9b47013becb35,17860293,False,False,True
0xdaf96eaad46e4de937873a1935022f034b2db51e,USDC,sushi,0xac4c6e212a361c968f1725b4d055b47e63f80b75,24208385,2026-01-11 02:09:35+00:00,0x1b3823e23f90b08581de2d5601e2a19d08d02ffd018979cba4564b3185a22eb5,115792089237316195423570985008687907853269984665640564039457584007913129639935,True,False,True
0xdaf96eaad46e4de937873a1935022f034b2db51e,USDC,uniswap,0x000000000022d473030f116ddee9f6b43ac78ba3,24215939,2026-01-12 03:26:11+00:00,0xd0d6d28dcc0321950528d644625e09f8021ededcf08f6b8c93c3502016ab8544,10006242,False,False,True
0xdaf96eaad46e4de937873a1935022f034b2db51e,USDT,sushi,0xac4c6e212a361c968f1725b4d055b47e63f80b75,24230603,2026-01-14 04:37:35+00:00,0x78b2cddc23b3a488d7cfbe34c75282888e4be3f12f8d2b18f0ae4b9f6b205f39,115792089237316195423570985008687907853269984665640564039457584007913129639935,True,False,False
0xdaf96eaad46e4de937873a1935022f034b2db51e,USDT,uniswap,0x000000000022d473030f116ddee9f6b43ac78ba3,24232347,2026-01-14 10:29:23+00:00,0x8fa67b8381e978a4772e7a8b0f896f55c180eea7bb14ce7f982db929b0b4eab4,115792089237316195423570985008687907853269984665640564039457584007913129639935,True,False,False
0xfa1a94ae136880002ff4b4665ab4e7498973332f,USDT,uniswap,0x000000000022d473030f116ddee9f6b43ac78ba3,16442442,2023-01-19 17:47:59+00:00,0x4b02cee761efabb83ab567790c20ff8afd4bfa56ad5442c5244a87eb79636802,115792089237316195423570985008687907853269984665640564039457584007913129639935,True,False,False
0xfa1a94ae136880002ff4b4665ab4e7498973332f,USDT,uniswap,0x000000000022d473030f116ddee9f6b43ac78ba3,17623836,2023-07-04 23:32:23+00:00,0xe28c21c0a1fa86699d055b251569aabdc0bef6dfc5a4683804236e4764ba0fc8,10000000,False,False,False
0xfa1a94ae136880002ff4b4665ab4e7498973332f,USDT,uniswap,0x000000000022d473030f116ddee9f6b43ac78ba3,17683739,2023-07-13 09:37:23+00:00,0x72229da558df447d12ce8103f622b3557b5c43c07c450ac601b23fe2e0c08788,10000000,False,False,False
0xfa1a94ae136880002ff4b4665ab4e7498973332f,USDT,uniswap,0x000000000022d473030f116ddee9f6b43ac78ba3,17683745,2023-07-13 09:38:35+00:00,0x21ec8ead7bdc49f040c0232a88a00631548dd327ebf6e39f008794dd73793e2b,10000000,False,False,False
0xfa1a94ae136880002ff4b4665ab4e7498973332f,USDT,uniswap,0x000000000022d473030f116ddee9f6b43ac78ba3,17731637,2023-07-20 03:15:59+00:00,0xfc3599993bea7a67fd2d2897b6dcd2ce0715440ea7e9c6acaa23c70f4689798d,115792089237316195423570985008687907853269984665640564039457584007913129639935,True,False,False
0xfa1a94ae136880002ff4b4665ab4e7498973332f,USDT,sushi,0xe43ca1dee3f0fc1e2df73a0745674545f11a59f5,19990441,2024-05-31 14:35:35+00:00,0x09cb664a808006be2d59d0690e989ad27d7dadca8edb07bdc238a2fbdb166427,115792089237316195423570985008687907853269984665640564039457584007913129639935,True,False,False
0xfa1a94ae136880002ff4b4665ab4e7498973332f,USDT,sushi,0xac4c6e212a361c968f1725b4d055b47e63f80b75,23825764,2025-11-18 11:39:11+00:00,0xaf9e2aa8e110894f36c14a93b3f2f05b2e9a4148930545a0f55f64a81c2daa91,1625191718,False,False,False
0xfa1a94ae136880002ff4b4665ab4e7498973332f,USDT,sushi,0xac4c6e212a361c968f1725b4d055b47e63f80b75,23829289,2025-11-18 23:32:11+00:00,0x3242db33967cf36e2977f80548d80ced6526dabfe819f1485b78137b9ac52de7,1750177499,False,False,False
0xfa1a94ae136880002ff4b4665ab4e7498973332f,USDT,sushi,0xac4c6e212a361c968f1725b4d055b47e63f80b75,23830277,2025-11-19 02:52:59+00:00,0x23c33987b07e9fbe091b12f2cf92b227ec7102ae55a1bd647a12ec17eb20e5ee,2000000000,False,False,False
0xfa1a94ae136880002ff4b4665ab4e7498973332f,USDT,sushi,0xac4c6e212a361c968f1725b4d055b47e63f80b75,23831826,2025-11-19 08:05:47+00:00,0x9d77045a474121c6238e29f910a58d5be65d1bd7faf1229514b8a42bdc584f9f,1500000000,False,False,False
0xfa1a94ae136880002ff4b4665ab4e7498973332f,USDT,sushi,0xac4c6e212a361c968f1725b4d055b47e63f80b75,23836286,2025-11-19 23:07:47+00:00,0x16a49a4ee9e38e8396c5680cd3dc186849ae757b1484938f1b9cd6e6f822bf45,1000000000,False,False,False
0xfa1a94ae136880002ff4b4665ab4e7498973332f,USDT,sushi,0xac4c6e212a361c968f1725b4d055b47e63f80b75,23968802,2025-12-08 14:53:11+00:00,0xa6f74d4e5bccbb440f1cbea893ba3faef4eafe19bea5fe8c83b9a78061e5a759,1000000000,False,False,False
