wallet,sushi_grants,uniswap_grants,sushi_unlimited_grants,uniswap_unlimited_grants,sushi_ever_unlimited,uniswap_ever_unlimited,is_bot
0x00c0ae5c3685b4023881342c951fbe19bbabc9bc,6,1,0,1,False,True,False
0x00dbf8238b105d8142233affc0941fa71571a810,49,3,0,3,False,True,False
0x00e4ec0f0d570841edddf9b08fbe259be57c8aa1,3,3,1,2,True,True,False
0x011aeda0e46a82c27704a5a1c9fb8db60c094468,2,7,0,6,False,True,False
0x012d5968a6c1d53833f07b93f55686963a67e839,1,2,0,0,False,False,True
0x0182bb2e86d40b913b2f2b65e367793db0721bd0,3,6,2,6,True,True,False
0x0184280b6ae0f81922b4be8282969ca26f9af8ed,3,6,3,6,True,True,False
0x020bc9f41305596060b78e054de9180581a83e9c,1,1,0,0,False,False,False
0x0221641ad96390f9ca8c8f0f9fee001fbc4bd031,2,1,0,1,False,True,False
0x022528ef155ab5bc86664278d51cc43f268e44c7,6,2,0,2,False,True,False
0x026784b924f11e3dca28d1258bd7a374e3c33a3e,21,1,0,1,False,True,False
0x02dbed15e593a5a02fa6719c5d5686462b8222a2,3,6,3,6,True,True,False
0x03657fe86dbd048e796c7befdae5bf8b902be90c,1,3,0,3,False,True,False
0x0372748dbb9f3263b87317fd384e8a04a59d9ee9,2,6,2,6,True,True,False
0x03d12a72366917cdc49b3343dd83dcfe5521cd99,5,1,0,1,False,True,False
0x044f05a0fcf030c53ea6d50ddc5c0a44527c1b47,1,2,1,2,True,True,False
0x049f9c0abfe0132584b35ae98d384a39c1fe10ff,4,15,2,15,True,True,False
0x04bfd42dd29bd0820a5812a99361096fd3bf1e59,2,16,2,16,True,True,False
0x055827b26f2109ea9c9a7e288febebae61be6446,2,1,0,1,False,True,False
0x0582826b858eece18da39266bd72178e0757b378,1,7,0,7,False,True,False
0x0590c9a1c21f54b24f7d81aac821dd25c7ca2ae2,3,2,0,2,False,True,False
0x05e291a0e768bfee9053218c41342730f68db38f,3,6,3,6,True,True,False
0x062d06f8ddc5b492b54145498750eea95e7e8f21,10,2,0,1,False,True,False
0x068bddf11eee78ac3db33c0b3d8144ca7fe72d72,32,2,0,2,False,True,False
0x071034788fc8da332e85e0bee0f81d58157a1383,1,1,0,1,False,True,False
0x077892a4732dd1d40cf77b7650ede61b4202a5d9,40,1,0,1,False,True,False
0x07cc028308fce865e6d9204558612260968573a0,12,1,0,1,False,True,False
0x08237b495d89d089d0d5ba919eaa908e7928e052,4,6,4,6,True,True,False
0x08625b473efbacf2748381c1c13b24f240c7c522,3,6,3,6,True,True,False
0x0898fc7756a82680c38fc14910ebac5f2a4b54a1,,8,,8,,True,False
0x08eaad5dd540b9ada872a2afd5b9b04c6161897d,3,6,3,6,True,True,False
0x094056b1acdc605879a7257f6f60b43262a5f18d,2,1,0,1,False,True,False
0x09955c2035b7a5bb74e849729cff1ffc8ea1dc7c,3,6,3,6,True,True,False
0x099b54010acfa6f15aefea3e7aa63e3f1729ae3f,1,2,0,2,False,True,False
0x09c5a1ddd83d586a14f964521b855319a169ae3d,1,2,0,0,False,False,False
0x09d41fefde5d7868d4da99003d65afe95a485ef4,2,7,2,5,True,True,False
0x09ee46e602e36318d9049cfe7b2125de716fc9e7,11,1,0,1,False,True,False
0x0a6dfe5a7ed1866dab980f74b73ed3ed46f9bec4,3,7,3,7,True,True,False
0x0a8594dcc8c0cc25d4a1a24ba9dcc0baa2a617d1,5,5,4,5,True,True,False
0x0ac7b2ae885383e9a2b839c7aecfc57cf3e227e4,1,2,0,0,False,False,False
0x0b51bd0963a32349b63b95f87d819d3075856ff1,2,1,0,1,False,True,False
0x0b5654c15f1f8200083c2d9298ae9ac08fcad2a4,6,5,0,5,False,True,False
0x0bdf0c11631d76897e81b1a41be9f2222646c450,10,1,0,1,False,True,False
0x0beb251886b2c2696625ffb5311a9cf0a4a73e4e,3,7,3,7,True,True,False
0x0c4be1ac7edf172e0f617548f2a3e76561debc2e,2,1,0,1,False,True,False
0x0c71ffd11df342652c5da27a2a3e722f6288693d,3,7,0,7,False,True,False
0x0c72a8d7ad8c72911ebe6bc35016bd7ca23b80d7,5,5,2,5,True,True,False
0x0cc999827dc674f8795704bcdf2a47e966420ddb,3,6,3,6,True,True,False
0x0cea39af0a7f989d394eb8ee3e86db04f8a13c8d,4,5,4,5,True,True,False
0x0ced71bb79693ad7670d9b6aa85840595156cf26,22,5,0,1,False,True,False
0x0d391e3f07de335636ebc42e0f6e18fe50013919,3,6,2,6,True,True,False
0x0d7e92b1002f5aa5d41a286fa24ed5b14d09b54d,12,1,0,1,False,True,False
0x0de2e0a2dc75e864b8b9819d2d5ed0206d8d834c,4,4,0,1,False,True,False
0x0dfa39fbd4c01da42c0cdb835d943d31f2c9c5c9,18,1,0,1,False,True,False
0x0ecb8d4502991fa834fc5e1ba84c8a067548475e,4,6,4,6,True,True,False
0x0ed61a1952f34e762f16a14af603e9832c5af767,11,5,0,5,False,True,False
0x0efeb23883999b020015e141644ec4ae47598f7c,1,1,0,1,False,True,False
0x0f13745b77ca953cbdaf50b6dfd03cf24699e583,2,1,0,1,False,True,False
0x0f23626677fafcdf546ff101980b122a038d4792,24,1,0,1,False,True,False
0x0f57d849d6293500800a56aeb46b62dad4e51d49,29,40,0,1,False,True,False
0x0f5b36d9db6b3e2b8bcd7f0a7194065eafca77c2,1,3,0,1,False,True,False
0x0fa98be4e522a9339accb1469fe4543e83551e8a,1,1,0,0,False,False,False
0x0fb0681f1b3dfec26755bf740aae5ac798e99311,4,5,4,5,True,True,False
0x0fc0e8bc50a73333e0c9855be1c98fb845821f08,3,1,0,1,False,True,False
0x0fce5cc80faf8e70841c7d9413ec2d4771ed32c3,3,6,3,6,True,True,False
0x10150663264ec4fa55fc7dd0f0aa481a82cdd4fd,39,3,0,0,False,False,False
0x102baf4e2bfc91ad59813fce00b4fda8f75e146d,1,3,0,3,False,True,False
0x106888f935c5c061d3ec5bc91d3a5ae2338eb007,4,6,4,6,True,True,False
0x107e870ab592dda00bcb36af231718ca36150d7e,5,6,3,6,True,True,False
0x10ad35899912f06fdfb5e6ac4d25e738c9e2133a,2,2,0,2,False,True,False
0x10cd85e4aa8a95b618831f9f1f93d0ca2cec0c32,3,6,3,6,True,True,False
0x110d218712752dddd0986e90b219c0e6644e17b5,5,5,4,5,True,True,False
0x113c33676aa9a8f50074af46349ff7fbed3e05df,5,5,4,5,True,True,False
0x11a6dca48ef746f0a8078762aa4ed8234ce8de20,1,2,0,2,False,True,False
0x11cef2922019c399288a4669d147bf1ce54cf3c7,4,7,0,5,False,True,False
0x11ffefc61b5c106a368bc5141470fb494654ad8e,3,6,3,6,True,True,False
0x12165e95044c85559f6f109570665f996abb6ffd,2,2,2,2,True,True,False
0x126e476387c1e6d09635e2f44ee013b8dd464535,2,6,2,6,True,True,False
0x129b5254029909443d90458ba07e3e6eb39a770b,7,1,0,1,False,True,False
0x133bb0332c9337c57175f62d0eaaf0e6497a3c08,1,6,0,2,False,True,False
0x1383c137469ca227fb8b90c81740d56a8967d937,3,6,3,6,True,True,False
0x141451c9405875cf0cdc23c0ee5be72069231e49,1,2,0,2,False,True,False
0x1421ffa007e7bafb0baa376d31126e998c860e76,2,1,0,1,False,True,False
0x14fe21f94665f173d99503d254bea54b5081d49d,16,18,0,4,False,True,False
0x156ef2d00b9bf25d06022c0ff91b7ab1dc5c0ec5,1,1,0,1,False,True,False
0x15a637b3f4750f095dd7b3bc1dda0008840093a0,2,6,0,0,False,False,False
0x15d3e5433fd7c77599634370f6ba410f1028d66d,2,3,0,2,False,True,False
0x160df7445efb20654e17930a853629b5904bf964,4,5,4,5,True,True,False
0x169d88787c7caeaca67886331ae25fc33dccfeae,3,3,0,1,False,True,False
0x16fbe166aa8038547be59a960f5f966ba07e00d0,2,3,0,0,False,False,False
0x17226b798ed88e6c2200d9cc9ad5137a5081b4c4,1,2,0,2,False,True,False
0x1760e5994157121c28bb5e046485a7bbd6ff873e,1,1,0,1,False,True,False
0x178e1a232be1cb2eea82d091215268c4215335ca,3,5,0,0,False,False,False
0x17d9ba409f89e48daddbeff2d83c6435cff41460,2,3,0,3,False,True,False
0x1834b27d6856c9a11a1c8b3f4a367be5cd1add4a,2,1,0,1,False,True,False
0x18469d8ff7d40ef11d0eaab8d78fdccc9f168644,2,1,0,0,False,False,False
0x187901e172e7573c563e24457c537d2fb6a6306c,1,4,0,3,False,True,False
0x196e22ec303b0cf2bbc2cc43f75ac829ee523cb2,4,5,4,5,True,True,False
0x19bb9d8e2c056d693386fe457aff8e86f0d77c4a,13,2,0,1,False,True,False
0x19bcd7e372bc70cbfc5ee67b8a169c3abe8a4d7e,1,6,0,6,False,True,False
0x19c4401ed064dfec75141f9117940ef68a889e20,33,1,0,1,False,True,False
0x1a1d37a459880db921628d085fc37f7afd633f32,4,4,4,4,True,True,False
0x1a9a95af18e8fdfb5bce0d5b98143d92b6f1e2ce,6,6,3,6,True,True,False
0x1aa8c99b4adc8b2067e821efe11055c9392875f8,4,5,4,5,True,True,False
0x1aac4180254f5e8f6a954fb9cad3431d353dc0ec,3,6,3,6,True,True,False
0x1b2b001724fc11c6d31e8c9a6fbda837c16c5cdb,3,6,3,6,True,True,False
0x1b4e0d2b2dbb9fbec03bdfc508428374c5edd2a6,3,6,3,6,True,True,False
0x1c1192598135222462265fdf991409ed02a041c5,19,2,0,0,False,False,False
0x1c5a65d5ce67d8b34591c272ae203bc3c3b99d4a,1,,0,,False,,False
0x1cb0db7f52826f741c8e1af4631686f2a0395dc3,3,8,2,7,True,True,False
0x1cc5f05ab3a45c76a52578e725138c7994c75265,23,1,0,1,False,True,False
0x1cead96c78dca979340f6a70346eb2f4de6a4adb,2,1,0,1,False,True,False
0x1d1ac009bf6d9d454b23331db947152d67ab125a,2,6,2,2,True,True,False
0x1d4281bb762386cdd1c2cfb6a9efdc8de31dbebe,4,5,4,5,True,True,False
0x1d4ee5ae1928fe98f0811c9217873a27f83f0df5,3,6,3,6,True,True,False
0x1d5c5371f43987f3f59101b4768c9a26fcfaceae,3,6,3,6,True,True,False
0x1d5f938654b58e825d4372bec4018e08bfc3759d,5,11,0,0,False,False,False
0x1e20e845a75db713dbf2abb50572ba084a3b5608,4,6,4,6,True,True,False
0x1e7a789ab5a5a1d0b4448df31902d477dfaa4089,3,6,3,6,True,True,False
0x1eb017aa019b8c4b0e3dcbb1b972767dd791d47f,1,2,0,2,False,True,False
0x1ec4505ce4a255d680a9c66935a1e9e52b5f1c51,1,6,0,1,False,True,False
0x1edfdd79b18ff59f3a20799ac4cc17bf619d892f,1,1,0,1,False,True,False
0x1ee17aa5c50ba8895abbb5eaef36549a0f0dfd48,43,2,0,2,False,True,False
0x1eeadb0be8a5bc9b7f44c21f8936d82b19709788,9,1,0,1,False,True,False
0x1f0139ef20519cb0ea2d3589d722d0fc7dbc53b6,2,2,0,2,False,True,False
0x1f17057933cbddd134ad5aba4e42803eafd303aa,7,1,0,1,False,True,False
0x1f6920bb0c8c0674f850ad7f58d19d85a17458dd,3,6,3,6,True,True,False
0x1f7b4fd6ac4a5bec35c49a05ee28f4c98dffc65b,3,5,3,5,True,True,False
0x1fc10136739287b85c4eaa77a9398a6f1f6e0473,1,1,0,0,False,False,False
0x200aa09d172784b7ea96a077f809984fe3709e1e,10,1,0,1,False,True,False
0x200bfe4cbacb3abb32cd1169bf0271bcbaa7e5dc,3,6,3,6,True,True,False
0x20270f35147ab81d6a466fe71a61cfb2f0ffa0e9,5,6,2,6,True,True,False
0x20438734ec23e98a7b7b77d4d6a7d498050921fe,6,6,2,6,True,True,False
0x20ce18cde983debda22fd7edbcbb3688109f9929,3,5,3,5,True,True,False
0x21017b45686d0d8faf0515b71bd6da616928dfc7,4,4,4,4,True,True,False
0x210ab601c6b78406ea9a6dd91289ece1287e66bd,103,1,0,1,False,True,False
0x21e43dabbb74d1d5e8815d01a03d6cc5ce8662d9,3,6,3,6,True,True,False
0x21f9be6772dce6d0c67a4b67862147d37208fc87,4,5,4,5,True,True,False
0x22c0f9155b138d346c5fd32e72447941587465cd,1,1,0,0,False,False,False
0x22cace5050359a8a6f51634d0407ceaf1c2b2e0a,3,6,3,6,True,True,False
0x22e3ab72849fc54aaf119716c3cea1f2d8ddf1d5,4,6,4,6,True,True,False
0x234a2d6e625a2772f152ed74ec3c9e92407a2a22,4,3,0,1,False,True,False
0x234e7d7a0192bf7e952841d2114b0e53db5655fd,3,2,0,2,False,True,False
0x2367e5273f90845df67b6207d75fe8718977edac,3,6,3,6,True,True,False
0x23da42e5fd8b5e9bbdc8aed1dc6419b5e42b7763,2,1,0,1,False,True,False
0x2461e1171cb9a5352bc069e48d460fbe85c7ff1b,3,1,0,1,False,True,False
0x24922c0d77e4f8a771ea2bd7c6e1ae45c7a9d49a,3,6,3,6,True,True,False
0x24c16b71a63a4bc372a7ee5adf26847f3a69fafc,1,2,0,2,False,True,False
0x24dde7260c7237d006ffa181e4bf35ebde4a62b1,12,1,0,1,False,True,False
0x251384107fcaa63b45e15b08804af40db90a922e,1,4,0,2,False,True,False
0x2515b754e606b9461fc90f9c5ab3f2df8767fbc0,2,3,0,3,False,True,False
0x256c9a379ecf8e8b62371a342fca82a3f0158e87,1,3,0,2,False,True,False
0x2578d852242f2b983f506023c4712fa69aded129,3,6,3,6,True,True,False
0x25e979042a70e0d7ed626ffa6c43626a0a3fd210,8,6,0,3,False,True,False
0x26317d9456f9ccb0aa252618ecd940dbcdc498ef,5,7,3,7,True,True,False
0x265e8eb84d0dcba69dadc59d63ece02b6006b84c,6,2,0,1,False,True,False
0x266a96891c5c97b6b2b8d367d279f64f580c6ac4,4,5,4,5,True,True,False
0x26a4fe0c9bd52874fa67fc7dd278174cd6b6762f,4,5,4,5,True,True,False
0x26cdbf2ef0957d29307f20316edecc2fe55c97a5,10,3,0,2,False,True,False
0x28057f15c86d25fb963b6903f6672177f3e8f85d,2,6,2,6,True,True,False
0x2973a0da0cbd8a3bd7a6aeab4b62a1365a22139c,1,2,0,0,False,False,True
0x2a29897d6979766abfbc9d32d370143eb1623325,2,2,0,2,False,True,False
0x2a2bf6cca153ebd89150c8497b60e58237ee5414,4,6,4,6,True,True,False
0x2a544f010db58d664d64841aa65dd54f0867dfdf,1,1,0,0,False,False,False
0x2a6629fd37475cdeb32f5b1dfc6603174be3fad8,1,2,0,0,False,False,False
0x2b1533ee5907b6a7c8ea9e1ef6ec2e41d3d0b145,5,6,5,6,True,True,False
0x2b156b7d7754911fe7933c6634975ba57ee73b80,4,6,3,6,True,True,False
0x2b1edac1d63fb086bc358598b1a5f175c9a0541e,1,2,0,2,False,True,False
0x2b22fbaab0f340d4a206eb594b754ab1ce2619c9,4,5,4,5,True,True,False
0x2b37a4b9d0001d35c314bf38462e41ae114665a5,3,6,3,6,True,True,False
0x2b9ccb8d28539252ac3a639dc63c18434f449ae6,1,3,0,1,False,True,False
0x2bf52fe2512b61e819717a2accc41b78b76d9f86,4,5,3,5,True,True,False
0x2c569b75cf91adb9196f4809d1c1bcfeef05f5d3,3,1,0,0,False,False,False
0x2c5e078be0137049f6fdf92ab01792563e698e6b,3,9,0,9,False,True,False
0x2c9d2c6b78e3eaf8c4c7e50ac852459721e9bac1,3,6,3,6,True,True,False
0x2cfcbd233268c302996c767347eb45bec36fb08d,1,5,0,3,False,True,False
0x2d2c0ca6536dc78f26b24297fe705c8a5a65db6f,3,1,0,1,False,True,False
0x2d36b8bd4323861c455e776e1030a25d86741d0a,2,2,0,0,False,False,False
0x2db4625a9ece077cb432d1a84b85b03c15721be6,4,2,0,0,False,False,False
0x2deda5c1e1c554c1e9ec99e6e67a2066a4ea1ba2,4,6,4,6,True,True,False
0x2e9b5dbe09ed89074c414eb9195a5d94e6c589e8,2,1,0,0,False,False,False
0x2f0fd28fbc804309ce64268d531151e536792c00,4,5,2,5,True,True,False
0x2f6772c693ebea065ba66636a28370432f9162cc,24,1,0,1,False,True,False
0x2f981883c6a961f3b9966e9e2f000c13de6cef04,3,6,3,6,True,True,False
0x30c24de6306b1c92f09981a559b1b5b5d055cd08,4,1,0,0,False,False,False
0x311d66b26b47cf904427e0e2cd8cd5555435ea12,3,6,3,6,True,True,False
0x322ba5d612fccfc7da8362a9e86ba9db8364c9b5,3,2,0,2,False,True,False
0x324886484ac099c5236c2eee7304e5f1c2f4ab06,3,6,2,6,True,True,False
0x328bbe7f59a5682789acdbd796ad26aa8d515988,3,3,2,2,True,True,False
0x32f9d7fb07824283ea374f93aea46a36b7fcda26,18,4,0,4,False,True,False
0x3345ac7a067937171d4da618c6ce16b5542d0578,1,1,1,1,True,True,False
0x336251ed1a682a4913f80a9878af7e93b927db49,2,3,0,1,False,True,False
0x33727bdfd9d2c3dc34f4460fe7073e7222790199,1,1,0,0,False,False,False
0x33761c1550c4456836029f6ec2dd1841d9f62618,6,6,2,6,True,True,False
0x33e850a47242a69504340583f83a3d36dad02e2a,1,2,0,0,False,False,False
0x34788869704b6de6e7092a8c5b3ec6c68f393678,4,6,2,6,True,True,False
0x34d1a5fbe872bc114466fbefc936730ed63ca2cd,8,6,0,1,False,True,False
0x34ecc8c27089f5e70c1948e054cc029c63802398,3,4,3,4,True,True,False
0x355e5ab1780ba3d88ef8feed0b29cb0d825a49a4,3,1,1,1,True,True,False
0x35dbbecd845bd33e934b4049a9e252c1aba9b8df,2,3,0,2,False,True,False
0x35e24da8a4e0cef4b3af70a566de32bb6231a986,1,1,1,1,True,True,False
0x361cc5707bdaa50841bdf43c9c02d5aefc7ba3bb,3,2,0,2,False,True,False
0x36bcad3a6e12c5fd5371853e861ffd044f835adf,2,2,0,0,False,False,False
0x36d0c40f0f7620fba26bf21f2e6d2511c039b7c8,5,6,5,6,True,True,False
0x372c61c371213fe63c875d7e56760d1c343e5b2c,4,35,1,2,True,True,False
0x373b574eca4bc0d5d0f5cde86ae16be5442b1418,3,6,3,6,True,True,False
0x378b4ea5725a9f4625cf36992f40ad1dbf4d00aa,2,5,0,0,False,False,False
0x3837e147cc256bbe5decc1f7cbfb6d45788f1ac2,3,5,3,5,True,True,False
0x385678c7a6dac8d20232790d5438a6c751a3a318,21,1,0,1,False,True,False
0x38af901346e4621bcbaa592c8dbfec6dd9c2b1aa,2,2,0,1,False,True,False
0x397d476371ba5ba9a8b54d5799f8aff9ab91a81d,3,2,0,2,False,True,False
0x39adf7d3a92790df8beeb865198cf3fca71f7a7e,3,6,3,6,True,True,False
0x39f8b850be00d24bba6b301c5960571a7990465f,3,5,3,5,True,True,False
0x3a1fa3af7d5379f3d63c7bf1c7b651bacc0557ee,2,6,2,6,True,True,False
0x3a4825a0c8c2a16682e02b9b951780755e4461dc,7,2,0,2,False,True,False
0x3a9069cfd1ce555404a82a9b8f734cb8fd19632b,6,39,0,2,False,True,False
0x3abd7f5a228e882cf83b9b05e0646984cbc1bb77,4,5,0,2,False,True,False
0x3acd63bc5f2a2e4623ae8cc8ce33a766c86290bb,2,1,1,1,True,True,False
0x3b5e6596b263041a8679d6d9a7e411029f107dfa,2,9,2,9,True,True,False
0x3bcd056e1d4afe7be3cef0add43519f1590db897,1,1,0,1,False,True,False
0x3bda897e31e901cc2b855aa31ce8051edfc3f93d,5,4,5,4,True,True,False
0x3c5e157cbcebaea9dac758e60316dcb68b16d063,43,3,0,3,False,True,False
0x3c67a631e2a969013579dbbb46a705d61d844351,3,6,3,6,True,True,False
0x3c94a7059fe7c232f7b769dfdb01dcb9cac7d316,4,1,0,1,False,True,False
0x3cf468ad4eca06dcf65ca1a39480165260fbd597,4,5,4,5,True,True,False
0x3cfb99d02dd0bf7185a0dcb488d1e6833d69e9cf,1,4,0,2,False,True,False
0x3d08ab4c907e0cbce56a3d55c9024a0769c86ba7,39,1,0,1,False,True,False
0x3d182d5f5b1629ea443169b60558b1ba24befdec,6,1,0,1,False,True,False
0x3d1e117863c882a1736c8036fb536e3d69198942,7,2,0,2,False,True,False
0x3d727bb4ecb776eef556feb5e08739d4ff5ff851,1,1,1,1,True,True,False
0x3d8b6c5cd80cce437725e3b8a5c49b36c57d8046,3,5,3,5,True,True,False
0x3dae9de84e533b11e9b5a015db2e4ca3f6b9bd30,1,1,0,0,False,False,False
0x3e91850447bf79b633e7ff6c5567e204a5cf409a,15,6,0,0,False,False,False
0x3ede5621213f4766a0f1748abe53a41d778c16f2,1,1,0,1,False,True,False
0x3ef995c3cf3feb5dc19aaefcca41b21b5107aacd,2,2,0,2,False,True,False
0x3f17f06cf72c8e79af74836823bf3a6c0fffb4b0,3,3,3,3,True,True,False
0x3f3d101f090a9212261a82181701bf03adfde847,3,6,3,6,True,True,False
0x3f525efb65e50c98906889e7ba4092e088d20dd0,5,6,3,6,True,True,False
0x3ff7e56ba93d03a9614501763c1486c1951bc953,3,5,3,5,True,True,False
0x402b8bb4f40499882669472c8c2a8709bd0da061,7,1,0,1,False,True,False
0x40ae5e9f15ef8a3b935d74fa4c7926eca9939106,3,6,3,6,True,True,False
0x40f68e41a1fffff2b010c5517e8572d2ba2b39d0,20,1,0,1,False,True,False
0x4107c742ceec1e142630524dccfb854be43c137f,8,3,0,3,False,True,False
0x413943584167951f871220e2dccb6b8bb6078c7b,5,5,3,5,True,True,False
0x417fd326eeec88294fd8838c122e0fe83c20a72f,2,2,0,2,False,True,False
0x41bfadae4cc3ad37bb55fecb1ef5a013e5756188,3,5,3,5,True,True,False
0x41f8524453e570e8a67a345006181f967412616c,1,1,1,1,True,True,False
0x428db87818a783ede47a2b90e72d7380e5c2e73b,1,3,0,3,False,True,False
0x429955635c4e0cf6c65d453f8c1d5e5ad0e1a0ee,3,6,3,6,True,True,False
0x43087d8bd84f6688f1d054e5aba6a8abd7b81cc3,1,1,0,1,False,True,False
0x43424e49587aae46066cbc857128b7f5b2138342,1,5,0,1,False,True,False
0x43ae4401a02333cca66bdc85f534c99ce74e6197,4,1,0,1,False,True,False
0x44306c23fc2ea97da18c349042dc62f504923a63,11,6,0,2,False,True,False
0x446f22a9dcec483beaebde4b0aaa2be24fb28fb6,4,6,4,6,True,True,False
0x4474a7addeda0e07548698ba806f37791b8791f0,4,14,0,4,False,True,False
0x448639aed2df392bbfb6ff184fe25776a43f3d3d,1,,0,,False,,False
0x44e6324aa2a55464e615298f9a752d2c739673d0,2,2,1,2,True,True,False
0x44eba6124976bfdd39f30fcbd601829e484579f5,3,4,3,4,True,True,False
0x44f5c4f7b152ec27d91bfd5856efd76804b3090a,6,2,0,1,False,True,False
0x44ff7988a17b8bd26c9e26b4f874ee2570647c92,3,6,3,6,True,True,False
0x450547e0cc688bdab327420d4eba0ad7ea101589,3,5,3,5,True,True,False
0x453030566c06fe8ef7cd4aa5f0bd5d163cb43e9b,4,7,4,7,True,True,False
0x45a060e66cd061bd3217ac292ec270b352564bf4,5,5,5,5,True,True,False
0x45a22630464d2d3ec1e0f2427f1af8ed5a0cc33e,2,9,0,1,False,True,False
0x460cb3253ee95e7faa093dbfbfd5bb1e12f8862b,2,5,0,4,False,True,False
0x46979c518c85230efdef1cb9c19df595d03daa97,3,5,2,5,True,True,False
0x469dbe959122c5405b10aebd0f6233a06f132465,1,2,0,2,False,True,False
0x46b86029c92d657f21a3184f824228782005e954,2,1,0,1,False,True,False
0x46f2ddf1241729af7648da98e47891bb9fbe54e4,3,5,0,2,False,True,False
0x47296fcbe2b0230a728744424ed21ce99fe24f22,2,4,0,0,False,False,False
0x4740cc758ca1bc5bedf74668706217b37bf7f254,7,1,0,1,False,True,False
0x476119758fb93bfd1537672aa61ee367caa4a89c,1,2,0,2,False,True,False
0x47abc05a423fd321d604fc21b550abc60f11626e,1,3,0,3,False,True,False
0x47cddfbc26da2df3b10f360b32c52a33e309023d,13,2,0,0,False,False,False
0x48261dc793d5cb55194efcce5954bf62d0308a15,3,4,1,4,True,True,False
0x482c45fc3bf307c27991cb28c1109ffb3c6241f5,1,32,0,1,False,True,False
0x487a1c278002d56ed3659cd26a132145c77d5273,2,6,2,6,True,True,False
0x4886e629f9dbb25a251bef39e0013a049e101b71,3,6,3,6,True,True,False
0x48a4efe011c8e874e3cbeac23bb6325dee29f727,2,3,0,3,False,True,False
0x491848acf530cd423a3efaf5fc7fb7ca49987ca9,35,3,0,3,False,True,False
0x49799d61e19ac80781087374b93077b7a75cb6ba,3,5,3,5,True,True,False
0x4a198672b29785fa21194190171e7c5c3a317205,3,7,3,7,True,True,False
0x4a3fe892ce67bec61da5918e7007679add6c19c3,4,4,2,4,True,True,False
0x4a5d723932ed17fa9d7c1b1ab0c549b2bea5341d,4,5,4,5,True,True,False
0x4a7939f3450233eb25ef98b10ad201a26c28a991,4,9,4,9,True,True,False
0x4ae35ad1aaad18da73338fdeadca03ffe49a41b9,48,3,0,2,False,True,False
0x4b00ec3e01e65d8d78dd3ca2af080f0c5c0773a2,4,6,2,6,True,True,False
0x4b0ced2e134a937158f5542834ba8156fa76a53c,3,6,2,6,True,True,False
0x4bb966ed6eb6bd609ed83efeeac8de748f0d9032,1,18,0,1,False,True,False
0x4bc07ce4b3784ef0ab800028d4bfb2a9c0d0c371,4,14,0,0,False,False,False
0x4bc2c35a80b74b239f7ae8fa0253b313f867d904,2,2,1,2,True,True,False
0x4bea2c30ec1492c9a65c668e832f262e663958c2,2,7,0,1,False,True,False
0x4bf185bfcd15c0726f2ba2749359f6d1a425f7f8,3,6,3,6,True,True,False
0x4c0fa080de1efbf94a86d9b02f745801457064a6,2,6,2,6,True,True,False
0x4c1494a1e67a65a9afdf9840018ddf7fce24c886,4,5,0,5,False,True,False
0x4c195556d89a8ff615c5a6fc81e09fe84a134c98,3,6,2,6,True,True,False
0x4c5f6ad6628d205259443ebcf6cc4cdd7d6cbf81,2,9,0,3,False,True,True
0x4c7f30d89ccd4b88e9ca1c49e68b5863f8f14986,9,2,0,2,False,True,False
0x4c80ee8fe3163b220d8a1532dbe74080c21fe240,30,1,0,1,False,True,False
0x4cbe78fc4f2b6f619aa8c5c0adedb36e238e8882,2,1,1,1,True,True,False
0x4d115e4763b16e8a1b0e74842344b1b1e01acd34,3,12,3,12,True,True,False
0x4d6ed86afd3d1cf1d1007203f64efd07dcc0a724,3,1,0,1,False,True,False
0x4dbd02f6d2f6d912ae397973afdc8b402e554be7,2,1,0,1,False,True,False
0x4e5cd7f52bc397d0577d3619b08bf3c575efa365,4,6,3,6,True,True,False
0x4e7cab769e6723245fefb65435b056c80c614cc1,5,5,5,5,True,True,False
0x4eccec20b2251d0187447b1ad88ff55682d275da,3,6,3,6,True,True,False
0x4eec0f0565b4cbe6790c3a8d0357aaad5036b6a0,13,3,0,1,False,True,False
0x50bda6acb211951ae4840ae5d8b58252321b622b,3,6,3,6,True,True,False
0x50c8ffd3561c05710cb074e1ee60b68c7e919a7c,1,1,1,1,True,True,False
0x50fc5626cc6755456e1b22d72bd6807274210f51,2,6,2,6,True,True,False
0x51c24a7c336b93a1147b3e3c952eacca43ab381a,4,6,4,6,True,True,False
0x52d59fc20090cce200138ef2eae879dcd181f0d5,1,1,0,1,False,True,False
0x52d8f0d5e13b2cb3dca6de46f2fc2c75bf2cb147,1,2,1,2,True,True,False
0x52deddca7c3371b13f4359863e509710ed3de132,4,1,0,1,False,True,False
0x531d65c387e27b3d6b70290a63d051900342e63b,20,2,0,2,False,True,False
0x533f83f6fe23e816449f215b81875958e67edd00,5,6,5,6,True,True,False
0x53610e28d7de18557a09eb99afd279d1d5f71397,3,1,1,1,True,True,False
0x537bbdb8fb3f235ab53995635a6275c90a770e73,3,6,3,6,True,True,False
0x53f792e5442e7454bfc2c01ac8a62976b4d35ebd,5,2,0,2,False,True,False
0x54503eeded1fc55b94330bf82092ad41a76a8683,16,5,0,0,False,False,False
0x547029167857f10ff53cbd299b592aaa3157439d,2,2,0,1,False,True,False
0x5497d3430d59262d298af60b8d4489de2565271b,5,5,0,0,False,False,False
0x549c8596f1bf32ff4c82b995d899dce17f1100a0,10,2,0,2,False,True,False
0x5540d2a88ffe75ba8a163b66935092c6c0771b4d,1,,0,,False,,False
0x55574a7e0a01c94c53760ef80484b3484bdd94ff,4,6,4,6,True,True,False
0x557cee07243d4e188535c857f20324baae270e3e,8,9,0,0,False,False,False
0x55cf851bbea90c64d97003258f18ed6643f3d4bb,12,2,0,0,False,False,False
0x55d3b2bc4f1f097a6354cda89c64fb360f7283b1,6,5,3,5,True,True,False
0x55ead0b365961102a5b8aa68e35af6cd53b20327,1,1,0,1,False,True,False
0x55ecb3b1d65420d4addc96db50d917c2105ef7fe,3,5,3,5,True,True,False
0x566bc1fd3eb85674c1dacaa2324069e19cbfd283,3,6,3,6,True,True,False
0x56773af0eeced9a4159b42b1ebeab25fe09b2efc,5,4,5,4,True,True,False
0x56f2defef01f09d2f1ca440f594694102ed10d83,1,1,0,1,False,True,False
0x571362b66b1b2fc26a113635456008efadfb13b1,4,2,0,1,False,True,False
0x57b649b1b8ab1dafbe0e7f5562661ae2442db332,41,3,0,1,False,True,False
0x5810d9b4bfb45976901726c81caca6611526ab3d,3,6,3,6,True,True,False
0x581325e7f91186f03896410542420489c87f83b2,4,10,4,10,True,True,False
0x5853450636c7eddd14760025c5ee842782936d98,4,9,4,9,True,True,False
0x590195abc737a5eb7c3bd391edeedc10004e0171,3,13,1,2,True,True,False
0x59067015c21255939624f6f099c0477797314f15,1,1,0,1,False,True,False
0x592f360ffb73425b3e68b0eb31339604b513ecbc,5,6,2,6,True,True,False
0x59332300fa460e5ddfa619b33999538955e1ed2a,8,1,0,1,False,True,False
0x598896c633911b3fff8800aa9f7b8ed8db659315,3,6,3,6,True,True,False
0x5a1e32eea085e95e8f6a84216bdb89b8bfdf58bd,2,1,0,1,False,True,False
0x5ac5d45e64f130c1f7605797352f88a66e2dfeb0,5,6,5,6,True,True,False
0x5c49916d33dc87293cdd8a818c5f0c8315da9572,3,2,0,2,False,True,False
0x5c57aa90537019a82598e302e7fdda7bb66d84c9,2,1,0,1,False,True,False
0x5c75e97fd18ad86ebbb562ad5c3569a85a4dd873,3,8,0,7,False,True,False
0x5cc8794252dacc855e12029e8f07e60b895f3cd9,3,4,2,4,True,True,False
0x5cd038b8d8e7127fdc8885ae9fca8f2fd497e4aa,3,6,3,6,True,True,False
0x5d3c2da18b13ad6341d7b628c9d63b55fb4ef72b,6,5,3,5,True,True,False
0x5d4202b528f65dc39ea4adeaa555282ec7216b05,4,6,4,6,True,True,False
0x5d986a774f0b2c87c70d73446c663c2436c9cdd5,3,5,3,5,True,True,False
0x5dceca88c237d5ef2ddecdc019b73b97437ffca4,16,2,0,2,False,True,False
0x5ddebc0af8a2d5d8dc47e36d67820dff1dfd7ccc,1,1,1,1,True,True,False
0x5e574edf724f852f698e07c525bac06195b4faf3,5,8,5,5,True,True,False
0x5e6f913e224f2f0b858b6afd05e691bd3b3918fd,1,2,0,2,False,True,False
0x5e73e48ccd5d3bbe92cb38d4f770238fdd6d880f,4,5,4,5,True,True,False
0x5eedcef54270823ae629a1209bc93b73200db75d,4,5,4,5,True,True,False
0x5ef84317d977a313bde7a5ca1d87ad3c0e825512,3,6,2,6,True,True,False
0x5f5cb5e4db7ecde9e69bc253e2dfddf9238c1bea,4,5,4,5,True,True,False
0x5fd6b51613a475f6e80c0e4e8169c84aa71d90f3,,2,,2,,True,False
0x5fdb6f53b01032f749023c00dd89fa088b3ed50d,1,1,1,1,True,True,True
0x602dfa4939b7b0333442ae64d0f55743cec8b175,3,2,0,2,False,True,False
0x6034e4fb863cd5078280c9fb419c453dbc23a83c,3,6,3,6,True,True,False
0x6067b1d03e747e3ab7c4071f77e1d422a53f1522,44,2,2,1,True,True,False
0x60b7c052746f651f3925d2b1aff06adfe3fab137,3,6,3,6,True,True,False
0x60c85817d2026d34ce4cc530f5e53c2f2ff0b949,20,2,0,0,False,False,False
0x60ef84839f2f7d3a1f93f1e5194feb3bbb0bfa5c,1,1,0,1,False,True,False
0x60f9067c580523531c364085a9f467331b89c5b3,3,7,3,7,True,True,False
0x6112402b6e3ccfe2dfb324ce3f1f428b1d5b31b8,11,2,0,2,False,True,False
0x61138e8b84493cb376409425f138a5d46ec370a2,1,1,0,1,False,True,False
0x612a70c9333d4dc09097d4b55bea462140829ae0,5,6,3,6,True,True,False
0x61513e46bb2e3f624783117587a99f722f1beb6d,4,6,4,6,True,True,False
0x61ba1c141495ff4ffe23a1cc95b09d41d0c2aa96,4,6,4,6,True,True,False
0x6210477b3025bf5ea50a35d39e7d2875dc11661c,1,1,0,0,False,False,False
0x622446c91f23c552ac2e9092836bec0a0aae87fc,2,2,0,2,False,True,False
0x622661ab4b6ab93c659e751f47ebb0c6e6ad9f48,1,4,0,1,False,True,True
0x622e4a9d26a73120bcce965cc269ae3bab5e0400,2,11,0,11,False,True,False
0x6253cbed11c0fb4edb9ce2ce4f2b2ede42c92038,1,1,0,1,False,True,False
0x62949aef1b51e1d38fe2480a2fdc7475d9c6ba0a,4,6,4,6,True,True,False
0x62ab0bb2c7041fca782c79f9e10e9afe511cb3f7,2,1,0,0,False,False,False
0x62b45e405fd93a41e036c920738f4d8a72f04465,4,6,4,6,True,True,False
0x62b4da254be790d160ebfc6f2016d75a23bdc0d6,1,1,0,1,False,True,False
0x6307be181f55f3941d3553e90b75aed72101aaf1,4,6,4,6,True,True,False
0x634ea5142039756816418931aab3a26e7a209f8c,43,5,0,4,False,True,False
0x63555c500370b3e98bff463c1308fcc1af9e8cab,5,4,5,4,True,True,False
0x6364a36e7bcbf79d2f70b7525e868321796f9d8a,3,3,0,1,False,True,False
0x63ed99a9404e9b6e2e999916e2fd9e53943cc7bb,10,6,1,4,True,True,False
0x63ff919662c705da7a34b8bf0313d783e6331dba,1,2,0,1,False,True,False
0x646367976015d2dd45907b1d228096efd10fe43a,1,2,0,1,False,True,False
0x646beeafce956960b8d52bcc6c3ba685e1e1d220,4,6,4,6,True,True,False
0x64800bdc1a43b34c6399818d9e69168015cbbd07,17,1,1,1,True,True,False
0x64a7079871bb4010ff998fd2c8fbf5dbc6463221,3,6,2,6,True,True,False
0x651d450f0fa2441cb649f89acb48d680eaf7ee79,3,5,3,5,True,True,False
0x6536d4c913d6e6c61b4a4709557ca3148193e50a,1,2,0,0,False,False,False
0x656da0f11ec28c79968bf13e94993f1aad29a622,1,1,0,1,False,True,False
0x656f1b34caeadbcb54ba750198960b71b922d669,8,3,0,1,False,True,False
0x65a8f07bd9a8598e1b5b6c0a88f4779dbc077675,2,17,2,6,True,True,False
0x66028b6ae3d482ecb78b9129e04c38414ef313d3,1,2,0,2,False,True,False
0x6613a1d523c97ed71eca42a71b08d39d40a8e3f3,1,2,0,0,False,False,True
0x662a7c5cfca929dff1c72e0bc044fa647dd233ed,1,3,0,3,False,True,False
0x667392a22066e325b9b0dae5059b153291f93b3f,1,2,0,1,False,True,False
0x66af0d3bf6b4d2a3b05449c74f4aa41660d527b6,3,5,3,5,True,True,False
0x66ccff7fa5a788cadcb9776997db5d375c2741a5,4,6,4,6,True,True,False
0x66f80a55ffd549309a5352202bdd11b96c72d6ed,1,2,0,0,False,False,False
0x67522693a02ac9de74b7b68be50e7f42116d2ffb,4,4,0,4,False,True,False
0x6773f888b0965c530791411a0b3508348bde8d2f,1,1,1,0,True,False,False
0x683f0832f170b48985b330296c3b5fbaa5e954ba,3,6,3,6,True,True,False
0x6844980bdf3b64d72049ce0427613eb559f414ed,4,1,0,1,False,True,False
0x685a76367603c1662b7ffa0fb7f6da2231d0edea,8,2,0,2,False,True,False
0x6897fab4a74ee1ca8f942438796ffbbcf5063d3d,6,6,0,2,False,True,False
0x68f68e4ba46fa465217f4eb75f638d8db059aff9,10,1,0,1,False,True,False
0x68fb15c0b14b2730e47f7f1456e1a2bd1b70f639,13,11,2,4,True,True,False
0x69065ecbee31679c518c759c7a2a510f887d7daa,5,6,5,6,True,True,False
0x69a6ac9d22532c4ad6a519a99f45b55a8b05ae7e,4,5,4,5,True,True,False
0x69adbd45bc9fc5996298dfb12cf7b20fd376e673,1,3,0,1,False,True,False
0x69f6bff53befc0136a1cb7325802f017044fb75b,3,7,3,7,True,True,False
0x6a12dd0f548c46eee1a872e4a0375ea395704f72,3,6,3,6,True,True,False
0x6a22a7a8fc40a479d4036abd308e1bdd8243cba7,3,10,3,10,True,True,False
0x6a80b54439beda7014bdcf30b99d805b986c8f19,4,6,3,6,True,True,False
0x6a9b205a3fc0e82caae0c7cc69fc102f43c860f9,73,1,0,1,False,True,False
0x6aa1fe4b4f69d2b87646a165b6a89dc489010021,4,4,0,2,False,True,False
0x6aa8a80313bb539088abf556d82141cda3fd8549,4,2,2,2,True,True,False
0x6aed3ae6130bb1e551cf2e3042e9560f8f8fdb87,2,2,0,2,False,True,False
0x6b36f84b2730b7001d4fff0d921de7bfbe169f13,5,5,3,5,True,True,False
0x6b8e125ce4b16a077076eac4a8f6e2ae492374c4,32,4,0,1,False,True,False
0x6be64987a82511376d8a61e5edf128f77bf86142,4,5,2,5,True,True,False
0x6bf95b19a1973c26a204319782ceb522a020101c,13,3,0,1,False,True,False
0x6c1892fa926137197cab766b0cfda5d8e74a7e50,3,5,3,5,True,True,False
0x6c3974d161bee572f272f907fb55d156f8b18871,1,1,0,1,False,True,False
0x6d1a493acbdff7f353210f560eb8a77882372d3c,2,2,0,2,False,True,False
0x6d5ef5a1bcd2e48f432f238a41a4f176239b9a24,3,6,2,6,True,True,False
0x6d91a4ec6c2a3b49f7971bcab800a5756ab4afe5,3,6,3,6,True,True,False
0x6de054e18ce51303175ec13e9c14ed929afc6565,2,2,0,2,False,True,False
0x6e1fbde644ffa9fbe142d6dae4c42fb05251f188,4,5,4,5,True,True,False
0x6e47831692bb97fb2c37f07eb5e059b691e088c5,4,5,4,5,True,True,False
0x6e5ebc854fb7ac7301f236a3b0b5d0031d49b26f,1,1,0,1,False,True,False
0x6eede5dd9a5a6e69af107a2e97e9304be7757f4d,1,1,1,1,True,True,False
0x6f858f383842c887a82d30b392cfc686938413ec,1,6,1,6,True,True,True
0x6fa244617faf933e8600dfcb51dcbbc676b2c538,1,1,0,1,False,True,False
0x6fcd7b7842f4b487597176f63e938c59a9fd69b1,4,5,4,5,True,True,False
0x6fd44724c6a4ce94d847807fdf71019eab4101a1,3,6,3,6,True,True,False
0x7014151065ebf67b38418b838a3884db623cae95,3,7,0,1,False,True,False
0x7027ac93a8b71d67352d1ebc78f9063fd9397e93,1,2,1,2,True,True,False
0x70b97b50670c60dff26c4c2a233fa8a612dc435d,3,2,0,2,False,True,False
0x70e1d65df20d48f353b974967c079ddb7856950b,2,4,0,1,False,True,False
0x712a947c4a645cb4b75433d3baabe67bc4747eb4,4,4,4,4,True,True,False
0x71a825b4ded1dc80c550b97dccea0e75783e7be8,3,6,3,6,True,True,False
0x71c0b990e24c48b9aa13d91d57f2cbd7e9ae2fe0,2,6,2,6,True,True,False
0x71ebf3e6ceb58e9bb2e6ab93c2fa7b350312dd09,3,5,3,5,True,True,False
0x71f03080c91f48e0f65c8e8a3d12066c786c3b5d,2,2,0,2,False,True,False
0x721b8bf400dd48a66b55baf9684443d367e8fc02,1,1,0,1,False,True,False
0x725cfb416801c5cb73d3b00a47810600158bd05a,1,2,0,1,False,True,False
0x7462ab6f99abfca70eb1ee562f72f3148b53b644,3,6,3,6,True,True,False
0x74870ea6217f5c742fa8995de4888d572a8e03f2,3,6,3,6,True,True,False
0x74e28f41fd64572c07e2b1216686192d0d3202c1,5,6,2,6,True,True,False
0x7576b4a396400797cca2790356fff07da1b75dbf,46,2,0,2,False,True,False
0x758c5c12de9dc8ee828897902da82fb5a8109566,3,5,3,5,True,True,False
0x75cfa6e728f6af0c6fdbb9d83c564f4f3b87265e,1,1,0,1,False,True,False
0x7613f87ef828acd8fba4e99a2cd9c0350c05aa54,2,1,0,1,False,True,False
0x76282940e1ddcb1c9769936f35afadac9811e629,4,4,4,4,True,True,False
0x767b6fc141914a9849f9fbc23f6d6434d36ba493,4,6,4,6,True,True,False
0x76c5403207f13aa65ed4e903a4581e425f0d4796,3,4,2,4,True,True,False
0x76ddbfec1746ec682ac7ea9f4b752ff3b2de00b9,4,6,4,6,True,True,False
0x76deea3bbfb2c78713f4e3e6ce568418673e64f3,2,1,0,1,False,True,False
0x76ea47e66f1a6ffd85440b5a39a12e4faffc40f4,4,5,3,5,True,True,False
0x76f742645d84aa80c4283d1303ca2ee74deb0a53,3,3,0,2,False,True,False
0x77433fdb8b482e6e0b9c232b2c936eba8fb37ba2,3,4,3,4,True,True,False
0x7751c7eef5f55e21fc8caa90b9f6ddf4650dce57,4,6,4,6,True,True,False
0x77b129848c3f4f2d40eadb79fba4764af232458d,1,1,0,1,False,True,False
0x780bc600416888f06b13c565dd56c7655ecf749b,4,5,4,5,True,True,False
0x7836d68e007bff2d384aad68cb535f1faa2d080d,8,1,0,1,False,True,False
0x783756a5ef088720d2a3296cdd5336659b2d0e67,31,2,0,2,False,True,False
0x78a2e5129c1e851596de9f4be7c3ebb60f08af1c,1,1,0,1,False,True,False
0x78b5e42c3ed3cbf65ee3202a736e91dfdf051a96,4,13,0,2,False,True,False
0x79574052b9b669a8368d4efc5cccdf839d818f9b,2,6,2,6,True,True,False
0x79b615e157407b7386ce035ff8e9b8fccd2e12e4,4,5,4,5,True,True,False
0x7a35f9525677aac461d4df8bc0d26090a9be348e,1,1,0,0,False,False,False
0x7b1229b4cc05d28d1ae8eba3d0bdecce674839ea,5,1,0,1,False,True,False
0x7b686c1ee0192a3a8e549aa375426dea270de053,3,2,0,1,False,True,False
0x7b77ebc083f0104776cd3cef2569780baacc0073,1,1,0,1,False,True,False
0x7b8c9bb45d59e0e03661459d16e22f412d99fe85,2,2,0,2,False,True,False
0x7c494a3c645c79a700061d4bf9bd5a991eab0379,1,1,0,1,False,True,False
0x7ca97970de3328e541405bc7469dcf7dc046b339,6,1,0,1,False,True,False
0x7cc3291a11578bf0f71ea40ed67a2faa494e7102,4,6,4,6,True,True,False
0x7da6cf446ac3a22bb52c719ea0905c25f95cdc5c,3,2,0,1,False,True,False
0x7dbc39272d947bc67cb6f8c59bf2f8730a325d5d,4,2,0,2,False,True,False
0x7def47be6914c033f275d84dceabdd08939b2091,3,5,3,5,True,True,False
0x7f1d2a648bc144dbe0bf763e08405074c0682dc3,3,6,3,6,True,True,False
0x7f298a6c52cc0d4274dbf021236aa3551c85be00,4,6,4,6,True,True,False
0x7f57b7f4f84e7664ebddc0a5f72df63741dbb23c,4,6,4,6,True,True,False
0x7f9c5344dd5a353f2886714dbca304a5a9b10a9d,6,5,0,4,False,True,False
0x7fe0b7eb086eef967075b98f330f5ffe87e425cb,3,8,3,8,True,True,False
0x801fb1314196be60afdc3daae7a9833184bb621a,9,1,0,1,False,True,False
0x8029bee88b728771093dc802086a5b17f1c48855,3,5,3,5,True,True,False
0x80821eeea0e6db7ac0ad1cfda8a4a572be67fdda,23,3,1,3,True,True,False
0x80f1b72eddca5fdddef82d8b1ba81205eb6866bc,2,,0,,False,,False
0x81af3f38bd49ad91dcb8f9d56a193abf388a5d7a,1,1,0,1,False,True,False
0x81e3d1e513a498fe00f4cdc52c23c5ef93d897ae,4,5,0,1,False,True,False
0x81e80558718e2fd1d7e0cd062895c71a763c3c75,3,6,3,6,True,True,False
0x821566b9d1a87f214e7230d34fcae72a487e6cdf,1,1,0,1,False,True,False
0x826015d07291cca089e31f989bdee849345a80fb,2,2,0,2,False,True,False
0x829460fbaf4e342bfbd3e706894f91c60281dc8d,2,5,2,5,True,True,False
0x82ddc6973def2856be0da14eadb29457b58b682f,3,6,3,6,True,True,False
0x82fc2dc6e96ac79693bd8e99b4f8c35e78a5d3a3,1,7,0,2,False,True,False
0x837a68800183350df355cd8fbaf83f518b4ddec4,6,2,0,2,False,True,False
0x839990d65037af809e5e4d45f3cfbad711b60bd4,5,1,0,1,False,True,False
0x83e0d4d158cd6d7de762c6ce32b6de3378c4081c,1,1,0,1,False,True,False
0x83f1a23d778ee4982e61923e1831d4bce697aabd,9,1,0,1,False,True,False
0x840c80320476f596a7349ad3a5851f90ff504daa,1,1,0,0,False,False,False
0x8432b5b28ac4eb4b4799e5d383521aa6a82d5e3f,3,5,3,5,True,True,False
0x8448175f416a6a3d5528499bf28f2053d1c16a01,4,10,3,10,True,True,False
0x8462015d69d805bb61b335527bc785e836103ea3,4,5,4,5,True,True,False
0x848dabab04c45b423d3f2b4bf657e13bbe0a0f9b,3,6,3,6,True,True,False
0x850142c53b793852c49cd654deb98d113c10167f,83,2,0,2,False,True,False
0x85150a2503d0014683dbe8327ee58399276f5306,2,1,0,1,False,True,False
0x85162281f5f43b5113ed2ff1e887df9bf263bcac,5,7,4,7,True,True,False
0x852eaaa4afe4df7547dcca7c08a5c1a9f05e70d1,1,1,0,1,False,True,False
0x85332f469801e3fe69b6677df376444a2ad0b9a1,1,1,1,1,True,True,False
0x8533daef2612a2aa6435dcb9a77afc7fd2fed396,2,2,0,2,False,True,False
0x853830fb94c0067b5ac18e9a0018c5070d2c1960,2,2,0,2,False,True,False
0x853a353420f27ffbedd3517b8cc2dbd9da9c73f0,3,5,3,5,True,True,False
0x8567b3763e09e0e6d93f2f1123908a55d40b73fb,3,10,3,10,True,True,False
0x8583d617b51079481db28ef127a9fc73e4626de3,4,4,4,4,True,True,False
0x860188eba1c2785d9c55404378b39c511e72db61,1,1,0,1,False,True,False
0x860898f92f4c08448105be3472803dff82e65d83,5,1,0,1,False,True,False
0x8631644f45707d5a3c51b8c7ae7c1fb6ba83c10e,3,1,0,1,False,True,False
0x868d280066c72d438c4a09f452d8f44d9ac3d5f8,3,6,3,6,True,True,False
0x86e95581e41946ed84956433a8a9c836bcba636c,2,2,0,2,False,True,False
0x8738336a08d37764e8c373e96e1ba28b43f3610f,4,5,4,5,True,True,False
0x87391909612adcb2c4bd6b1d9c82f3c9f47d3733,3,1,0,1,False,True,False
0x88566483155b7f5d18b2f9cfeaa1820288db4e11,1,2,0,1,False,True,False
0x8858445e76e4fc202d99a6d70279c34b06f97d64,3,6,2,6,True,True,False
0x8902f71b4e12e4e0a48ec9791ebbf6af24e4445a,4,1,0,1,False,True,False
0x89116663bf7ba02322f21f43d613c1cb8cdc1ad8,4,5,4,5,True,True,False
0x8931294e939eafd6698a655b548f493bbffa7e42,1,2,0,2,False,True,False
0x89426ba11014504bd09fc6a536531bbb9c519a2f,3,6,3,6,True,True,False
0x895a13970e0dbe9d24343bf3e3787207c5b71113,3,6,3,6,True,True,False
0x896c4ad20c4984d0f2fe1c752d78b40ecd214f13,4,1,0,1,False,True,False
0x89892d074994ea434946fa883f3a1cc77a646754,3,5,3,5,True,True,False
0x89b8992aec28d34ed8579fde2b10b872dd26e617,3,23,0,2,False,True,False
0x89c4124fe8cd27efca349b3e92155699648db6ae,3,6,3,6,True,True,False
0x8a1482e6a2f2dc76de2a97a67ec3d63d55b2f8c2,1,1,0,1,False,True,False
0x8a2c02e1d58607c48005e1144cfe61a8d75fa000,2,6,0,6,False,True,False
0x8a912168a91fbe2dcfafbb08d308366269705111,1,13,0,3,False,True,False
0x8b73f3a238282d20f381139d6b163871dfa84b89,2,7,0,0,False,False,False
0x8c4e3601832f29803160618c8d87ae2d7a38a638,4,6,4,6,True,True,False
0x8c58503ef042f2c39737fa57f9f17861142ada21,3,6,3,6,True,True,False
0x8c7deca819f7f023ae9c2d486393525681d67aed,18,2,0,2,False,True,False
0x8c95638ce53c630f600667b5c21fba12885ba042,2,1,0,1,False,True,False
0x8ca39904a3f072112f7197bca6d05de961e64462,2,1,0,1,False,True,False
0x8cb3e7d4361c8d0c8b1294ad30a8c67bcda2d3c6,3,5,2,5,True,True,False
0x8cbff05ca2b82d8c80305b4cb25f67593a6cf206,4,6,2,6,True,True,False
0x8cd121ce47620cd254630a8489b6bdd92056fc5c,1,1,0,1,False,True,False
0x8cf3353bb63d3ae20a34ee1d4ce2d8c9426952ae,28,4,0,1,False,True,False
0x8cfae48fb3e54e143e5454ca2784b7bf3a0dc0d4,2,41,1,1,True,True,False
0x8d0ca158349c0748d2481a73edb06e3db5c6bf5c,1,1,0,0,False,False,False
0x8d106c747cd21272d4c9ff0af8d53a9c9aca25d2,27,5,0,2,False,True,False
0x8d21aef62be00b2970ef0444a0a97778f3b76c02,2,1,0,1,False,True,False
0x8d289547c475705923295b87276630287dbb5e67,5,6,5,6,True,True,False
0x8d4d5b746bdcf167802d2c54b28f5e6e4da39477,2,3,0,1,False,True,False
0x8d501fee3fb158d2d50612877a4e831d1601dd68,3,1,0,1,False,True,False
0x8d67e14c83d8fc89443ad84f6d7c04e5724a083e,7,1,0,1,False,True,False
0x8d91b2c930a3253c8b5713006545d79f1a113957,4,5,4,5,True,True,False
0x8d9cad5acc61ad767b95df2e6c5df30b34355194,5,6,5,6,True,True,False
0x8dba8bfd737d82cb4f7022330cf2beeaf38ec856,2,6,2,6,True,True,False
0x8deb7d7790d75af70760b1b346fa8bc73044bd46,1,1,0,0,False,False,False
0x8dfbef411aaa097676d3fac419f9735d64a3ebf4,5,5,5,5,True,True,False
0x8e08eb9a53813be7dbae8f0b03368ee1ba87c3b2,2,1,0,0,False,False,False
0x8eb3b27c7d5c3dfca2053e456c46de3d82ee0f58,2,1,0,1,False,True,False
0x8f1622032990d57e4bd34664ad1c56e5d0b644a3,5,5,0,5,False,True,False
0x8f60be603150fbd63ffab4d3fef5cfc3e3c37599,3,6,3,6,True,True,False
0x8f6939ac70c8a57fb12e5721a9f6fa69d8272d3f,4,6,4,6,True,True,False
0x8f9c5ea23c4bec2a7399ad1973d6741d70998a46,4,7,1,7,True,True,False
0x8fb647bca494a0fe4b52e44d0b1bdbe030ad301e,1,1,0,1,False,True,False
0x8fb839adbd0c2690651f93739b14beeb9529f727,6,1,0,1,False,True,False
0x8fe58567bee5e113313717b7f4e1efb42b7c2812,9,1,0,1,False,True,False
0x902c490b7328469478390e16f8ffc81d70378946,3,2,2,2,True,True,False
0x9032cb5cb09913de1b0c5c9481f49dfb13ac88fc,1,1,0,1,False,True,False
0x90c1e932e3bd21ccc32b332c1d23f769269348b9,4,5,4,5,True,True,False
0x90c1f228623f73a6f3cbef5160eea19b9ebf80e2,1,11,1,4,True,True,False
0x90fb0e55e162575d4813f516ea9d0fa3917fd955,3,6,3,6,True,True,False
0x91177152e4e926b711b80caf5a4f7b0c22c9c679,3,5,3,5,True,True,False
0x91894749167926f00e88836f4d662ed21ecddb09,4,6,4,6,True,True,False
0x9208d3ccef240413b1032ca1b05eee0eed2b7960,3,4,3,4,True,True,False
0x923d747e98ba75b007812f21f7929f3ba5f3a51a,4,5,4,5,True,True,False
0x92e254e08d2ba762c8948d85ed01309dee3285ef,4,6,4,6,True,True,False
0x9305a6018a7ef2383802349a33d7236bb8ce8c9e,1,3,1,3,True,True,False
0x94271b9202640f2b1937e9149077f0e54b68c210,1,1,0,1,False,True,False
0x942ff6050d46ef6f890383ac04e4ef4a24d7f2fc,1,2,0,0,False,False,False
0x947584758775af11f5ff8d2d554d5514dc935d23,3,4,0,0,False,False,False
0x94983af18268f131f67f22681f6148abdf021c57,3,6,3,6,True,True,False
0x94cf6641520ce7e5484554830a86e12a0f8854e6,1,2,0,2,False,True,False
0x9532f488a02ea2d44d066bf3277c7161df6d395c,1,1,0,1,False,True,False
0x953790e00ad96f6fe94ff600f2b44e7e15a1dc68,3,11,0,1,False,True,False
0x954ab378fbe77d6c528685d6ec19bf49a0dbf2fe,4,1,0,1,False,True,False
0x95d4f8387bf526140524dd73bce1d2aac7afb0e7,3,2,0,2,False,True,False
0x95db63d2dbaf09d6befe1ea6b653822f45913b8a,4,8,3,8,True,True,False
0x95e61defbac5e7298f6f3c1cf5e512d38e3963ee,2,5,2,5,True,True,False
0x95e9ffc26cb33fa701a56862cd6e2b4c96cb444e,6,2,0,2,False,True,False
0x95f615c88f791351b414322a0a7f9cc7354ae19f,2,7,0,6,False,True,False
0x95f6328a532cef7e9c508298ef9761c482b1c674,4,1,1,1,True,True,False
0x967b5c09119c74c9acee122f55a24de060e7ee61,3,5,3,5,True,True,False
0x968da74bf6184b54cc1d1abe934219fe78df737c,4,6,4,6,True,True,False
0x978e09f9e3570f0b0ae041ad1bd3af9e3b714e5e,3,5,3,5,True,True,False
0x97b4f3a55af65980ea1d029d4fcabcee4b9bdff5,3,5,3,5,True,True,False
0x9828a795bb144b61442ca6d3ca8124ad07839ba5,8,15,0,4,False,True,False
0x9830d6b37fe7488707cc4ad7f8b481d75eb2a8c2,2,5,0,2,False,True,False
0x985f6727c6f67e500a17244be81580508e6729c8,2,1,0,1,False,True,False
0x9868f055b788c3db611341f5d24c8acfe5ae55d1,3,5,3,5,True,True,False
0x988b6ed29bf38190c086f7d35bf656ac19e9481c,3,6,3,6,True,True,False
0x98b0fd0884d4fcccf8fe4daad8e0b91b466a3f23,22,2,0,2,False,True,False
0x994a7b898c7bd265ad62071433069db9921cf3fd,5,1,0,1,False,True,False
0x99e8d44bcccce483b4978d0fb1194df35b906a03,1,1,0,0,False,False,False
0x9a68ae965da4d0e5d162cf81f46660fef4ac82bd,9,3,1,3,True,True,False
0x9a7d31e95e74876caeca473f516aecf2707e6cf4,8,1,0,1,False,True,False
0x9ac883d47aa3e3482c13ee705457fb39a5708d24,1,3,0,3,False,True,False
0x9ad4d85b1b396fada9cb4998dcaf2bbb98741676,45,3,0,2,False,True,False
0x9aeeb0973f856cf590793f753e2a3e4a6407df96,3,5,2,5,True,True,False
0x9affebf29369930bae5b1dbaea8925ede9ed1411,7,4,0,4,False,True,False
0x9b860b5f6ce49c84eef8e322b03cf6322008bc95,20,7,3,3,True,True,False
0x9b9a6fc8df9f518831e4039ce936f2768ff2e5c8,4,6,4,6,True,True,False
0x9c17d45e2d81284f7506ad28d23957dc5a18dd16,3,5,3,5,True,True,False
0x9c2213e49ff2431f1e2596c0396e21f747871348,4,6,4,6,True,True,False
0x9c3770bebee6318cd7346aa0d1014efc7fc070d7,3,3,3,3,True,True,False
0x9c5b9a5fc708dddc798b7e67cc3f3c323ac8bcee,4,5,2,5,True,True,False
0x9c75294753b4ded56030c9484b5da4cef09a1b92,4,6,4,6,True,True,False
0x9cdb2feec39ea18dca9564ddbe0e6009fa62bcd5,3,5,3,5,True,True,False
0x9cef989eab597e911b1f1261c9e4f35a0a508ddc,1,1,0,1,False,True,False
0x9d5514a6d7aa4e403ca5fad24b77551d88489a38,1,1,0,1,False,True,False
0x9d8bd04cf5833c1d37c5d2efcd53ed3544895bb0,2,2,0,2,False,True,False
0x9ddae1c0c73932916ea3a6c8bcbc7250495473a4,52,14,0,9,False,True,True
0x9df859b1d9d02d497114ba83a4b0c1fbcc32ef2e,1,1,0,1,False,True,False
0x9e0e1be86001c3e2ccbff97c940bd6428ebfb067,1,3,0,2,False,True,False
0x9e71a846f6da640c79705288c4c48fd3422644f0,4,5,4,5,True,True,False
0x9eb16c4b28c4aceb2889155448e0bdd4a335b9d6,40,3,0,1,False,True,False
0x9f5b5c6419e2f7a9345ee972fb43dd981f129db3,4,2,0,2,False,True,False
0x9f89451c98b93ac49cf18e49f487e84f59f70abc,4,6,3,6,True,True,False
0x9fa506e93d5601865933a4c9cf16a6c2a0817252,4,6,4,6,True,True,False
0x9fb6e3f621dee26fa7822e5a34a9c9f94beebf18,4,4,4,4,True,True,False
0x9fe73defbe4a4773b1fa8bd5af3bd39d652e9848,3,6,3,6,True,True,False
0xa01d99bccf25c74227b04109b02d0c8ceef8b813,2,1,0,1,False,True,False
0xa02054f221261cf210450bf011e7ffcf03dc2404,1,2,0,0,False,False,False
0xa03f4e895da985962f2664e746d8f8b5f53e7676,2,93,0,3,False,True,False
0xa059bd1e2394c2ba2c37e1b2fe0c4b93eeed4503,4,1,0,1,False,True,False
0xa09d79348036f9f318ee8793b9b780c8cf1bfbe2,1,2,0,1,False,True,False
0xa0c7b9ecd07a25e508d53d27469f435cb1579d15,3,4,3,4,True,True,False
0xa132b604a022edc0bd479689a0837f2b502ae52c,4,6,4,6,True,True,False
0xa15a9be3e483368247f4dcac0be0079140fe83f1,3,6,2,6,True,True,False
0xa19e793d895610ff4efeffad94317eea58359c17,3,6,3,6,True,True,False
0xa1b2409436a52f1e0a3ca258e89146b3e4703b5a,4,6,4,6,True,True,False
0xa245d26941a9b4346f72f9e78fd4166376c1dc22,3,6,3,6,True,True,False
0xa28f5ec217b33aa642bc0c5f92325e6f82d76a9c,5,1,0,1,False,True,False
0xa292e6c82352877c3ced69a86b87363e9bee7ade,4,5,3,5,True,True,False
0xa43ebc0f73cdf2559ecce570761d3e1d60517cbf,2,10,2,8,True,True,False
0xa47b39206e1bc80908ab06841e33ef018871c92f,3,9,3,9,True,True,False
0xa4a6c701e73ce31570dca443f07260d929d24283,7,7,0,3,False,True,False
0xa4b15ce7a1c3ea1569db8ad58b925c1af8a7cd94,1,2,0,2,False,True,False
0xa4c79494df50737f5db1cc2fa7e94f79838abdb1,14,1,0,1,False,True,False
0xa507892dd00982aa1056221c0245b731327c69f9,5,6,5,6,True,True,False
0xa53b31f1fff0d7aed6117da00bf18dae8f4a493d,3,6,3,6,True,True,False
0xa5998cb4de83fdc5d899a7eecddb98ac809d9500,1,4,0,1,False,True,False
0xa5b711150ff4f0bdd7eb97494eb4f6778ae0ec4e,5,6,0,0,False,False,False
0xa5f13eb5192ebcca8ef05ad33f771a05b169767a,39,3,0,2,False,True,False
0xa63833f83cfbe64114cb531b2a3da617580b0dbb,1,7,0,7,False,True,False
0xa649a83a041c62894c82d6efdcf855877f1daaf4,5,5,5,5,True,True,False
0xa65edadf32e5730ba78415138e10751f317e4de2,11,1,0,1,False,True,False
0xa6d98926e96dd631f715cd35c17b02b7abd13cab,3,6,3,6,True,True,False
0xa70b6446e007710288e896b69f69b4a5f41ca981,4,6,4,6,True,True,False
0xa752c48d605d1bc6b747fffbeb8bd9335f9de291,2,5,2,5,True,True,False
0xa7bd971ac55340d4a92e9f830c4601b74e3a2493,11,2,0,2,False,True,False
0xa80c2c911af2594cdb032cd863d22c88d8c0acce,1,1,0,1,False,True,False
0xa83881130f10a77027fc9346e494b47029389d36,15,2,0,2,False,True,False
0xa8cfb71568340507731b4acfecfc9ed23adc0ac4,2,2,2,2,True,True,False
0xa8d70d963cc2784aa405e288c4ca70d68c76397f,97,3,0,0,False,False,False
0xa907e98df2e4a7319b8cc641a5993705f57e2d0f,2,4,0,4,False,True,False
0xa9308cc5ac6e28d09ec0724e739bbe884e705747,3,2,0,2,False,True,False
0xa9d52ae9febcbe822ab0290a153eef50e4e61cba,53,1,0,1,False,True,False
0xaa1066b0a4e79832e49ec9ec987670e089b747ab,2,45,0,2,False,True,False
0xaa174ff3893ddb5cdc5af98c42c64f474b4e9996,4,6,4,6,True,True,False
0xaa1d4f4ce8dfd9fea7425294b9f3c18f5d2dd1b2,9,1,0,1,False,True,False
0xaa6bbd2e89c3172a33791582ca9592658d0ea31a,3,6,3,6,True,True,False
0xaa7e98d0eccc9d3d03ceee614f7254fa135d614c,1,1,0,1,False,True,False
0xab22d5e90be9a6a81399b60b82260647c495a5cc,3,6,3,6,True,True,False
0xab2ff94fbf95dec40bb1aecaa83d7ac1c59ed046,5,6,3,6,True,True,False
0xaba8ed258f73a7ba96d160f833f5cee95f3670c4,3,6,3,6,True,True,False
0xac3e29d9339c5692a750fcc2a3543218bd553d05,5,5,3,5,True,True,False
0xac5c7590e70b5a6fdc28452d54155b824dc879a6,1,1,0,1,False,True,False
0xaccb4bc68ee3bd627458a64bf67d07aa442c29b2,3,6,3,6,True,True,False
0xad04f7b32d3e5e61d5da4a828f35a8bf5847eab1,4,4,4,4,True,True,False
0xad0e460a03e87cf34894b6048cfa7618fea1fed4,8,3,0,3,False,True,False
0xada3af1395fe165987fb21a092e67477da4755fe,1,1,0,1,False,True,False
0xadbccb76e01b02e5446f00fbc4a509ea03d52242,3,4,3,4,True,True,False
0xadd5616ceda5cf0eb226d8e78272ffb81406c770,3,6,3,6,True,True,False
0xae1164d79b3f23aced6332441eb8c77678f17fc7,43,3,0,2,False,True,False
0xae33eaf2643b50a89187c7c073b5575a367cc159,1,1,0,1,False,True,False
0xae543109b66df80e334e8839c6cca79d3e3df1ca,1,2,0,2,False,True,False
0xae5f45437338523267412846ea92283971f85e61,7,1,0,1,False,True,False
0xaeccfb33ef27e6adb1058b8428aeb91c92fb4a5b,3,6,3,6,True,True,False
0xaedaeca27aa4cb3b231b1670926adac35a57cc4a,3,6,2,6,True,True,False
0xaefaf5b8ce24180b6cec4874f500422657febb97,3,6,3,6,True,True,False
0xaf4609c5b3bc84bf706ee9583297d381d8ec3b06,3,6,2,6,True,True,False
0xaf62f6b7d1fb855b731879142ce0beed0476096c,3,3,0,3,False,True,False
0xafe998bbaa8ff9c668f935658952a669e8f0c91f,1,1,0,1,False,True,False
0xaffa806b90d348a6a09dd75286806d4c0b40d8d0,2,6,2,6,True,True,False
0xb009c9fde205f12c9420c350af48d4699d70b0c8,8,1,0,1,False,True,False
0xb046107fdb27de1ca5ce907fb8903e3e890771fb,9,1,0,1,False,True,False
0xb06d36faa8b3ab27059b60162a5cec9745a3839d,3,6,3,6,True,True,False
0xb0e523bc86cfa6d07a146c73649309b630b44724,20,3,0,1,False,True,False
0xb100981fccf7de0f76477c1b120b849afd485a64,2,2,0,2,False,True,False
0xb13c9ea41df3c8ace61e0c32e0af8943600a88a5,2,5,2,5,True,True,False
0xb1dadf1e56d5976910f286f251826794b68cdeef,2,1,0,1,False,True,False
0xb1fe90784de761932a5906f4ed260df7c793efbb,1,1,0,1,False,True,False
0xb25744f4afe8fad15ad8a3327563d54d67197427,2,3,0,1,False,True,False
0xb258bd9e5997aab2a5a26dae52488b4c6d2cf212,3,2,0,2,False,True,False
0xb25a92bb80dfe3c24b0994e6e31bb809cd365ea6,12,1,0,1,False,True,False
0xb2db2eb8cbd39fea66f3d43089d68e901fd4b539,2,2,0,2,False,True,False
0xb2e2eaf51d9ae52f76dc833bbe010e665d5ca39a,4,6,3,6,True,True,False
0xb3039d1fc0b6ca7bae0abb667afdf04942f9fc8c,6,7,2,7,True,True,False
0xb359818256b079974b054a367edccf964d2152cb,39,3,0,1,False,True,False
0xb36d767dba0b90cc20cf262e8cb81b61058f9d9c,4,6,3,6,True,True,False
0xb3a37159e3e07681fc709c09f68639e0fba963f8,3,5,3,5,True,True,False
0xb438aa8792a8e0091745cf9c172817316eb21927,3,6,2,6,True,True,False
0xb45e855ea12b7e06c17ffaca85b0b81d8844edb9,1,6,0,0,False,False,False
0xb5213c774ae427d06bd7a2542f9c78edb24d3d90,3,2,0,2,False,True,False
0xb56c2fa6724b1c729260bac3720c5e68f8a90e66,3,5,3,5,True,True,False
0xb58ef610ef81ddc1a793cf16a103ad25dd880d70,18,1,0,1,False,True,False
0xb62f1541d881c2449746e0855b7c6ae84f69e6f0,1,11,0,2,False,True,False
0xb6aed8de1692f1ff87cd3d9855302a2cb8c90cb7,3,5,3,5,True,True,False
0xb6d6123c7c901279efed624701b01d492085bab7,5,36,0,0,False,False,False
0xb6f4ae08901ceb98eb6535e4a1f12ecb14359b79,3,18,1,16,True,True,False
0xb73a4198731a897285b672b04f195b352ec1319e,1,2,0,2,False,True,False
0xb77786f1e54b8e37eeb588618636e29027246021,13,2,0,2,False,True,False
0xb793c129b1b1d7df87088ff9e7d0f55a09bf5b1f,3,5,3,5,True,True,False
0xb7de6b6eebf7401afea5a49d6405c9048fef2d40,6,4,0,1,False,True,False
0xb852cad1d6179e51d9304d55e78dff2274691c07,3,6,3,6,True,True,False
0xb8ec2b2712bb282b3673af2b71ba279f3193e1d8,251,1,0,1,False,True,True
0xb90001ce1bb77e17ff36ddc22dd902cad4058640,1,5,0,1,False,True,False
0xb963095058c6510e806f8e1a2815f524caf15a09,5,1,0,1,False,True,False
0xb963c5937923a48efe1ea841fe47c00235ab521c,3,16,0,0,False,False,False
0xb96e18c7fb117b869c3239ba458b7b2cb95fa9ed,45,6,0,2,False,True,False
0xb99ec004feb925052ff37c89da8d1fba472ceca2,4,6,4,6,True,True,False
0xb9b09b9bbb1f33c27495cf7f8be8bd27d6becc98,1,1,1,1,True,True,False
0xba1237de74adedff0deee87e8cf9c318e11d5361,4,5,4,5,True,True,False
0xba7a4d2d9c2c9e36811c9b99e12ac3a937d32600,2,6,2,6,True,True,False
0xbaf3e76c064cc7c0b2bc8329b4d9d11b16b0651a,2,1,0,1,False,True,False
0xbb02cbbf1f0b05ecb22718a68db4af64a3680554,11,1,0,1,False,True,False
0xbb259a2b7059a4d34670cefe9641c3dc5f4504f3,4,6,4,6,True,True,False
0xbb323cd5544dfc50764625000e2a5f43e2f44250,3,8,0,3,False,True,False
0xbb78fb32e3943ff0040a50fe60e16786fd58bc2a,3,3,3,3,True,True,False
0xbbd85ec856a65ae5adb5f510757c2776b857c3f2,1,1,0,1,False,True,False
0xbbf1fe0d5a78aec86311aa98f403f17788e34bdc,1,11,0,3,False,True,False
0xbc03bb939fe78f6fb169d9afff491bfb948bf9e2,3,5,3,5,True,True,False
0xbc82a96210555a04bdadb29cd442f18687f1fb9a,1,2,0,2,False,True,False
0xbced8cb7dec823364325a81d6a12a36e5c1aff10,4,5,4,5,True,True,False
0xbd2a6cdd741598f5d9db49fad0a52c07ae81ecc1,2,1,0,1,False,True,False
0xbd3a72a0233ee52ae2ad82a09ba312626133160e,3,6,2,6,True,True,False
0xbd60d0bbfaad226c8e56abc47b1480f604b656a2,28,3,2,3,True,True,False
0xbddb2cabad6def7df5a54c268060938bc9e5e2a5,18,1,0,1,False,True,False
0xbe13d3bff04b340b837fd71c30f1b48e6d89833e,3,6,3,6,True,True,False
0xbea5a22a9b99eeaccdaebb471d4bb2cfc80c5628,6,1,0,1,False,True,False
0xbea67eb7aeea9be523631c03e58daae272056a4a,5,6,5,6,True,True,False
0xbeff7ee360ddbbe8e171023b68f6537f5b5697b7,1,1,0,1,False,True,False
0xbf0129d52591dd99ca4c05fd690b7d898ce07d3e,6,1,0,1,False,True,False
0xbf1ccb3707e8e1b8daa543bf74142083e1b5ddf2,1,2,0,2,False,True,False
0xbf3fb727e8e3ba33510b2807dc2c4e13262df214,5,6,5,6,True,True,False
0xbf5a624680b609052103f5fc401d9a5ba701ad6f,2,1,0,1,False,True,False
0xbfc99250beb9d51e8dc57f92761127faaaa8d535,3,5,0,2,False,True,False
0xbfff982ddfc57f764f9c0946101ca950df8e77ad,5,1,0,1,False,True,False
0xc0101590f36562f353b33122da9191d1bef3777e,3,6,3,6,True,True,False
0xc0334cb52dc47abae92553212f8e64a7a4f15d9a,3,7,3,7,True,True,False
0xc0a9a3d0e05f4414d25a4f313f4f52211ea3a9c8,5,6,3,6,True,True,False
0xc11887126ecd47cc0071fa6fb6cdb56cc0ee42b2,3,6,3,6,True,True,False
0xc1bc42c15e746ea720a3d666fa1fd3c61444722a,7,1,0,1,False,True,False
0xc24ee79395a91b050896cc73e0789221288413cd,4,29,0,1,False,True,False
0xc2b3818115b1676e8caeb87f24f43b8169690e03,4,5,4,5,True,True,False
0xc2c3c819d56b777313f743557168fd4838305b18,9,1,0,1,False,True,False
0xc2e6022ecf5dcd7bc911794aac91fe1dcb6b4778,2,1,0,1,False,True,False
0xc316f72724738d41db330c931911c04d312b8a13,2,3,0,2,False,True,False
0xc3336edd3a41a9750af35d4e86f2ccafae25e4b3,3,6,2,6,True,True,False
0xc37080c08ecb568938f6c8cd774a3200d07965a0,5,5,0,2,False,True,False
0xc3805091d3d05d34064b8c5fa9d3586fc9e8c43d,6,1,0,1,False,True,False
0xc3de28ff28c425d37dddf3a144db52423d143487,4,6,4,6,True,True,False
0xc44b3724fbf15fca037b50da6912b8cfc11616d7,1,5,0,0,False,False,False
0xc45a74fb8c5c85e002825848621a1df703f7eb0e,3,9,3,9,True,True,False
0xc515362b940a06f6f4502eab929af7af6da532b9,1,1,0,0,False,False,False
0xc52665aabb407eb6fc9fa3bcd3f0ea7c829aab75,7,1,0,1,False,True,False
0xc56eeecf51ff5509d50ef91e79177c54d11cfb57,1,2,0,2,False,True,False
0xc6090f59ef37b0d4e79b03befebbff3e55d407f8,4,6,4,6,True,True,False
0xc609d35d1d3217220a0d59bc2c9eae41e5b8f67d,19,2,0,2,False,True,False
0xc619bd84e70721fc2e23d54631e86bc5b4527f80,4,5,3,5,True,True,False
0xc62629936236bef2d44fb5aedb3ca5fdd11f35f3,1,1,0,1,False,True,False
0xc62c5ae1ed54dda634d6b4ae939dfff05a34b0c2,2,2,0,2,False,True,False
0xc6368c8f10fad47f817342b1a332d876dc5569fd,4,5,4,5,True,True,False
0xc66cd4124913859727422b6d2340e3e73cd70eb1,1,2,0,2,False,True,False
0xc6763a02a9571060fd3d9e031242eea9688dcf03,4,6,4,6,True,True,False
0xc7d77f3231b295c8c80a2ca5f07c0d8552b6c583,4,7,4,7,True,True,False
0xc7df65338cfab4cf873a8fbae2c85fe05c975c5e,7,2,0,1,False,True,False
0xc7e830939760fe252970f5c3bb4ed00055887573,18,2,0,2,False,True,False
0xc96c905271fbb5b6113b6aa434ca3d474601a769,4,6,3,6,True,True,False
0xc9705c60f6bbbef941b8a6a67606908e188d45f9,2,4,0,2,False,True,False
0xc993a0cbed311ce805ff219235ee156ae6e482ec,4,6,4,6,True,True,False
0xc99e1d0fc73d39436eeed0094896a73b6ae8e3c4,4,12,3,12,True,True,False
0xc9f9f8910d9115177434ae6fe2d4dda96819297e,1,1,0,1,False,True,False
0xca2d8dba4710cbb1b87ae7aeffac53013be03387,2,5,0,4,False,True,False
0xca6868f11a099295fe7f3bdd705d2d7a1c2214b7,12,3,0,0,False,False,False
0xca6886946b7a93b987682148fefcf416dc5f6f86,2,1,1,1,True,True,True
0xcaaef30cf6e70a0118e59cd3fb88164de6d144b5,1,4,0,4,False,True,False
0xcb2dcc2a7e2f7d76643dea486c63beaee81acfa1,15,4,0,4,False,True,False
0xcb413e381f49439ce1eaa6abfe123207d17e71a2,3,5,3,5,True,True,False
0xcb88f06f0e5f6b8170d9f8a1fb8704e7512e1f55,2,5,0,4,False,True,False
0xcb8ef2c7dd84fbdf3691bcbc3fa5a0fe58d43e99,4,6,4,6,True,True,False
0xcb97c8512aea92d968114ed81943a9393cceb795,8,13,0,3,False,True,False
0xcba66d18af3f5faefa28a880ba2d39dbadb7d54c,4,5,4,5,True,True,False
0xcbae9eefdec9ec1b72f484ee4437e9c706c36423,4,6,2,6,True,True,False
0xcbd4fa94fa3ac5782155bc8b414b83220ee1a8d6,1,2,0,2,False,True,False
0xcd08878b08f1f55cc16c51492cf362c6824f302b,3,5,3,5,True,True,False
0xcd24fab27b0dc57cdb480c07b4cf4a254a70f842,1,3,0,1,False,True,False
0xcd88431107b72b1a1aa13de27ab894e27c7d1a61,1,2,0,2,False,True,False
0xcdacb9bc54e2167adf1b59593c2768ba1fcbe13c,4,6,4,6,True,True,False
0xce739a31c391a43256f5fd2c00c042de8f206bdf,3,5,3,5,True,True,False
0xce7f48c919d302739dec6849627f764aafe54b60,10,1,0,1,False,True,False
0xce820d21b4f82beac6e1d67f60dbf6c97ad4c21b,4,5,4,5,True,True,False
0xceb736cc895b75797627bfe7e755675ada8e03b2,3,6,3,6,True,True,False
0xcf09fa453e762ef52feb934bfe445e91805804e9,1,1,0,1,False,True,False
0xcf377f051489c2b0164fff5f6f10c884486d8adf,2,6,2,6,True,True,False
0xcf4d11423fb2e75d92b704f678b6be1fa427c022,2,3,0,3,False,True,False
0xcf6e7983381c4c2d2575ff9263671aceac6cec1c,1,1,0,0,False,False,False
0xcfccedf7e377b884e5c65ffad4bcbbc6bc17fe44,4,6,4,6,True,True,False
0xd033394dfedcf35336327473373780e7f3fef15c,2,2,0,2,False,True,False
0xd073a6d71f4f18a83c11e6eb56a36258628c142a,3,1,0,1,False,True,False
0xd0ddeeaee246ac70059f25b066dddb6111521a7a,4,1,0,0,False,False,False
0xd11184d5ddcd844bd6a31a8b87d6cc41dd113544,1,2,0,2,False,True,False
0xd13995d324fd4896884f54d86d47df346ed1d31f,3,2,0,2,False,True,False
0xd164bde670eb5f5d9e34e7258082385fe831a7be,1,2,0,2,False,True,False
0xd1e2a06086755bf39f92874464ff3d744067e8dc,2,1,0,1,False,True,False
0xd1f388cb00532c42423997b5ce5e464d4742b95d,4,6,4,6,True,True,False
0xd1f8ff4d4513701263cdd1209f21e5173cdc3604,2,4,0,1,False,True,False
0xd23fa0f700d02f8ee3b286ddd72b5a2c3d3fdb0c,3,5,3,5,True,True,False
0xd2b28804256414436447d93599ac16a1d4935222,2,1,0,1,False,True,False
0xd32595e505a6ff8b25dfed439be61d141e350577,3,6,3,6,True,True,False
0xd3bbc545ab408fc3ff42d3d639a1e4e1165f586f,5,6,0,6,False,True,False
0xd3f711c95273a523c22b991c5e5944cef650014d,3,5,3,5,True,True,False
0xd489bde5e98029af7dd2f98b9cf6f9cfcb5ca5a2,1,1,0,1,False,True,False
0xd4a6d01caf3848db120dcd82ec35c9d8acd8a567,3,6,3,6,True,True,False
0xd4ca3159b6749f7f988bdba8d191aee5c64f8c79,3,3,0,0,False,False,False
0xd4e96478fa2b615e5038b7be2dc66da2a5f0a049,3,5,3,5,True,True,False
0xd503d4ddc4895b3f134a2abc60f69212936d3341,3,6,3,6,True,True,False
0xd50cfc6c4f0937b863a97515d0a9ed6076d8ce88,1,1,0,1,False,True,False
0xd52562cf4f57d72c8e49ee3be5f55adfeecc7cd5,4,7,4,7,True,True,False
0xd5957d7a6e4c671adf58a2411ef424119001552a,5,6,5,6,True,True,False
0xd5faf1568c14b68ddc20efb08c995623550a7c91,3,5,3,5,True,True,False
0xd6543bb616fbb87d660a8e02b0d17faa6d07c4c9,35,5,0,5,False,True,False
0xd69bb3402f7fb5ee221c72424c415d337fb8942e,3,3,0,3,False,True,False
0xd6d56571d25b3b664d08cd4016c80747982542fb,4,6,4,6,True,True,False
0xd74405f8ba4a00f54721e54893ef1eaea39d747b,7,1,0,1,False,True,False
0xd78402167144144ed5f40e9d6d3736960819f9c1,4,5,2,5,True,True,False
0xd7f9675595ad19ce4790c4b3e0eeaf8d3418ef86,2,1,0,1,False,True,False
0xd815165da9e8e17ba543dee72a74ae6ffe99236b,4,1,0,1,False,True,False
0xd8332d6e2780c47189d7acdcc8530791811eba7f,3,5,3,5,True,True,False
0xd88c3c619fec42182da6a8d3252c6c68b8891a78,1,2,0,2,False,True,False
0xd94637aa5fc91c9ad058cdc3db2505ac7e3e9f54,30,15,0,0,False,False,False
0xd9809f7154b2fb9f724ff72dcbdc1ac0c1a84ae1,8,1,0,1,False,True,False
0xd98656735e2ba24aa705b41d026ea64069231e20,4,21,0,18,False,True,False
0xd9df7441f87c197887cf438eebe3368637e76a78,1,4,0,2,False,True,False
0xd9ef3059f4cb6176d5912c836cf7691c7c3f4fe9,2,6,1,1,True,True,False
0xd9fda1fc3c6c6df45da4471d5e3d805a1c8da61e,3,6,3,6,True,True,False
0xd9fed0a2739032a750c3a6ae2c37095be0841c27,5,20,0,7,False,True,False
0xdaf96eaad46e4de937873a1935022f034b2db51e,5,2,2,1,True,True,False
0xdb1c47f1334949ad07f4b9813e8ce1732bb79bb5,1,1,0,1,False,True,False
0xdb68d289caeaeeaa6a343dbce5b4c85777744230,1,7,0,2,False,True,False
0xdbe2be84304d5d85807ee04bb027e2b7ffa42f4c,2,5,2,5,True,True,False
0xdbe8296cd50d016d4f936b7923ccb9de9ea96542,10,1,0,1,False,True,False
0xdcbd33b276389e0b82701f1e46ff5a61c700a1ea,1,3,0,0,False,False,False
0xdcccf2e6e44cdf3ff88000de61d84ad5f80a95e1,1,1,0,1,False,True,False
0xdcfa951514cb02e1b3e9960000a35ead33bccd39,1,5,0,0,False,False,False
0xdd0ce4d6a0e196e9b4cbf61238016667960df569,4,5,4,5,True,True,False
0xdd0dd9ff92313541c1ac969814fc2afb0a822761,3,5,3,5,True,True,False
0xdd3ee96f4f5c8510ac4f4776aeef80a7eea395c0,4,6,4,6,True,True,False
0xdd420d4babdf500bd9c477cff6ded29fc303b934,21,1,0,0,False,False,False
0xdd4696b24ab450c2aceff4778bd94687007734a7,2,2,0,2,False,True,False
0xddf900406235f25426b3ea231b0afbb9c8abf04a,2,8,0,6,False,True,False
0xde811919dd85e420e3987b5034086d5a3df82bb3,3,1,0,1,False,True,False
0xde86d8a83e8af3c40768ed3c7a50cd2f960d77bd,1,1,0,0,False,False,False
0xde8b50871e5b835adfac4c07aef57357396e6153,4,1,0,1,False,True,False
0xdebcf8e1300ba1bb65658d8a9098d0637bc03653,2,1,1,1,True,True,False
0xdefd7cbad6b912482a445bc3b1592eaa278860a8,4,6,3,6,True,True,False
0xdf1629025f0e5ff68665d08eac4b2f0d1c2caa69,16,1,0,1,False,True,False
0xdf3d42c29a0daf9791e459e87c44e8fc229066a9,1,1,0,0,False,False,False
0xdf7a9b126a4de3b728886d2014495241d2e38129,1,1,0,1,False,True,False
0xdf800c8b695b8472d9a3b96e4f4ac1feb22835e2,1,1,0,1,False,True,False
0xdf96a15249a139a9360c303ea95ec0567b1421b8,1,3,0,3,False,True,False
0xdfd809a90e052094f528c0bb975d7bc09dfae3c0,4,6,4,6,True,True,False
0xe06aa6737585694486ea72f62c9bf6707c5b071d,1,1,0,1,False,True,False
0xe06b1cf899266f9322ecee91626e0c86c5b3fd41,2,8,1,8,True,True,False
0xe07841fcfcd0c9ad9b59094c266c3e72e86f5cfe,3,6,3,6,True,True,False
0xe083fda8c8822f2e5a820b994776f114a6c7bb84,3,3,3,3,True,True,False
0xe15140d392e99916e4d3b1b7b9343092660d52d7,3,1,0,1,False,True,False
0xe19733ccde0d0bb770d4c59cf36d2d9edb8f8484,2,2,0,1,False,True,False
0xe1ac9552aa61846d0a7003feeeca6c06f63d0ce6,4,5,4,5,True,True,False
0xe1b016428ddc4db7a8a63b60aad08f9a863aa956,6,5,3,5,True,True,False
0xe1cf62a31c1561a40472eeef42966a056ba64864,51,15,0,1,False,True,False
0xe2293f78de83fe963d77b90a24f1e0436997fd0f,3,12,0,0,False,False,False
0xe27141ca33967be5df82b5cd33d93adf6e04d31c,3,1,2,1,True,True,False
0xe2ac816e5ee3fd20f3d91c466e553df9e28b9d5d,4,2,0,1,False,True,False
0xe2ae4c323711ae25da4d8d9c3dce1405dbcf7f23,2,1,0,1,False,True,False
0xe2b57b5d7f49d33d1cfaaa8f3846e745af0a7675,4,1,0,1,False,True,False
0xe2f65cbc8c71d51602022e96c14fc87186da9a63,1,2,0,1,False,True,False
0xe2fff2a7db7666e52e889c62c80cd6d7a2fac6da,2,4,0,4,False,True,False
0xe314faf5dfedd47235c180e5db502578fb45e067,3,7,3,7,True,True,False
0xe35c31e6a98bec760680b6c80e6929948dc4e99c,5,2,2,2,True,True,False
0xe3744abff429a2a54afa1cdb6698f5ecb24e67dd,3,2,0,2,False,True,False
0xe3be068ee3aaa5c689ebb12a0df203cf08c575bc,4,6,4,6,True,True,False
0xe3cc8f7b756bbb3b5fa2d64e8bbdc1f54653273f,4,6,2,6,True,True,False
0xe3da01cd56bbdbc0e908978b272a6e050f63f715,16,1,0,1,False,True,False
0xe3eec27817759d76323cdff7091b675b23b711cf,1,3,0,0,False,False,False
0xe433ac59cd2469f0ceea3d82b4276940d47046b2,3,5,3,5,True,True,False
0xe45ba505cde42e44bb2e907a25719c77c192d5c4,3,1,0,1,False,True,False
0xe4e77e5cff7198e7e9498b72ff1bc8de6f2ce055,15,3,0,1,False,True,False
0xe5791fb23ac9e759656ae70c4d314929fbf30652,1,2,0,1,False,True,False
0xe5ab90b27188596d780ac853e8b6af249e8159a4,2,1,0,1,False,True,False
0xe5b4f2034ca45390f928087ef746f72a651d1067,1,25,0,2,False,True,False
0xe5c902b1e3156b2d4191630411fd48cd523334b2,3,5,3,5,True,True,False
0xe66816640f37a8f65fa2317e9565778b61a5f9eb,3,2,0,1,False,True,False
0xe68e18dacd00dd41464a2c0a98e1948847905993,4,5,2,5,True,True,False
0xe6bdfd835c8dcb74dc2cdf6d224dba065a0c4e29,31,2,0,1,False,True,False
0xe6d5df89c2fb83d14336eaefccd7cfe1748c0a0a,2,1,0,1,False,True,False
0xe6db488197dca2b9aeba29ca42cb6c207d8c760f,1,1,0,1,False,True,False
0xe6e0e8f635fc9b548856013c2e62f0321e164cbc,6,6,4,6,True,True,False
0xe7637edb1799e35d5c2eaec2cc84ebf4fa32d277,1,1,0,1,False,True,False
0xe79aa4c22d5918bfe716b318789294b9725d9100,4,5,4,5,True,True,False
0xe7c78ca2d6adf8d3c2e0dbc1eea8e07dbd643e82,3,6,3,6,True,True,False
0xe8210e4cf2f4d9478837099426b5cee9de2bfa47,6,10,0,10,False,True,False
0xe84f7ed9d4dc75fc3a1755a3473c881dc0ff6d4b,5,2,0,2,False,True,False
0xe9882fd6ba2817e7be4a2ac4d2efb75a83f0a9a8,4,6,4,6,True,True,False
0xe9d35780fd07d1221264a95cb32d6f56fda8eedd,1,3,0,0,False,False,False
0xea0cfccef5529cfc45b612ebe1897f4f5e98eec1,4,2,4,2,True,True,False
0xea6da0656c9214f6c89e979c3a5137b0adab79ba,3,6,3,6,True,True,False
0xeb275651887b4aa570a685d0c467ff1f9282b35f,1,1,0,1,False,True,False
0xeb631a67c7f96acad07de456ae6bbb42aad47788,1,4,0,4,False,True,False
0xebc16fd7fab2be9fc41a413fa3249efead33d4a2,2,2,0,2,False,True,False
0xebc7959a10c6d0db6ed712ab081df8b0490dd668,4,6,3,6,True,True,False
0xec1bfb635fb7bb4272e676867b20930d8c5a7c9c,1,1,0,1,False,True,False
0xec23bb23b36148611aa8a225a0ef7e6e97949a5d,5,4,5,4,True,True,False
0xec600bcf16ad6dd7bc23310325c259ad396411e9,3,6,3,6,True,True,False
0xece27b29e59550846cb9ac9117e103ed92c63504,2,3,0,3,False,True,False
0xed4a59031e82296ed0ce0e3e1bf0020a5570150d,1,8,0,7,False,True,False
0xed9a7d92c764c46eb5a97e212de4767c1664462b,3,6,2,6,True,True,False
0xedb58897685b1ee8d0659c677912a055d55a15a5,2,5,0,1,False,True,False
0xedc15e460495104aabe944c31f15a41fd9e1ca93,18,31,0,2,False,True,False
0xee1e8eb1ac1ba3933e28e32fc9124b6067499d83,1,1,0,1,False,True,False
0xee2474188c2e2b87242da2821168a3b1e149c530,7,4,0,1,False,True,False
0xee9ae9da5ca2055e7725b4ee5a5592428eb97c72,3,6,3,6,True,True,False
0xeebea2bb4b58180dd00c1c5129429c124d2c9934,3,1,0,1,False,True,False
0xef755bb540821a4f0542a37403ae4f749693200f,1,2,0,2,False,True,False
0xef81ae54a61d5291a455b9dbb23ae14763a86afd,8,1,0,1,False,True,False
0xefcba34e1d3cba29ec145f0b2124da58fbab2484,26,1,0,1,False,True,False
0xefd4d844a931245f6c169cc94d4a34019127d28c,1,2,0,0,False,False,False
0xf0a73b63d1eb485648c5c59003ed008676074357,5,1,0,0,False,False,False
0xf0b71563a7df1d84e9a92f38cb36abd366de0083,3,6,3,6,True,True,False
0xf0bf3c1d67afa6c48b9b5d1bc7e3f0b87f2b80dd,17,3,0,3,False,True,False
0xf12b0aeff58f70721c8107bbbe113e0feeb536f0,1,1,0,1,False,True,False
0xf195eb5581a6cdbcbc8be321a2ff2e091e37390c,1,1,0,1,False,True,False
0xf19a950b26806f30f926e3af6bc91d41cd023e6c,3,6,3,6,True,True,False
0xf1f82c6297b93868adb19ac6b9f573a9cd8b5643,4,8,0,3,False,True,False
0xf296270e5991d248293c77dc4d4b72564ce74850,4,6,4,6,True,True,False
0xf300a6e751de095b2a1946c3d460f594a750cca0,3,5,0,2,False,True,False
0xf37d6ffd3906b2715900e6d9c47ec0b81177c981,1,3,0,3,False,True,False
0xf3c62665d5e6f0f1ffe35599a1856f200eb0ee7c,1,2,0,2,False,True,False
0xf3cf60bbd48b077cc62fe7dc3a02d91b91269c2c,4,5,4,5,True,True,False
0xf4208b48dc7367d2a085330911709d5313fcd634,3,5,3,5,True,True,False
0xf42caa1d3f346f859157c5c2bf06d83379f5c824,9,1,1,1,True,True,False
0xf434f9cf5872152cbb7c123f3510361d07f0e775,3,6,3,6,True,True,False
0xf4532e3aa16ed38b14c243a4cef7654f60f61ac5,4,6,4,6,True,True,False
0xf472e73c9c509cac924135bae08d98a3882a5a49,1,1,0,1,False,True,False
0xf495cf09502f8d7f07960c0533cbc36e91e410c9,3,5,3,5,True,True,False
0xf4c4cc51d305c2d7a8f44802d61e1edf784ff2bf,48,7,0,2,False,True,False
0xf51eebeb2612a0e71e8a2bfd7a621afdce6ebd45,2,2,0,1,False,True,False
0xf51f45979298ef4068b5490ede96890e8d9c573a,3,7,3,7,True,True,False
0xf5ac5c61e4412d2e20101139768f8152257dae1d,4,1,0,1,False,True,False
0xf5c2f0bf6eaab5a591dc884867509c884457badc,3,6,3,6,True,True,False
0xf62b3ea1de121f3b3dda764b48035739feb59e19,3,5,3,5,True,True,False
0xf6d72651c7bb6a11103c7e9bd03a1eba4a93f367,21,7,0,7,False,True,False
0xf73bb740ab07383fe6cc52fbd804967323ab115d,4,5,2,5,True,True,False
0xf74216b5d2bd226b08766e5274dd137232524224,1,1,0,1,False,True,False
0xf75daa2e3fa3416ad30fd2c9fc52230e70ef8630,3,4,3,4,True,True,False
0xf76a1883804516c556265fb2a0cf2b08c49ec92b,4,5,4,5,True,True,False
0xf7b4a648dc756fc66794f09fc96aa656c69b64cc,1,13,0,1,False,True,False
0xf7b60077c0cab9796d9fe428f341d98324cf8140,3,5,2,5,True,True,False
0xf813f71dd20fcc16eb9f1d0a8f8bf04b7517cff3,3,5,3,5,True,True,False
0xf841a49fc6122206e1949584199fbcc7f9ad3c63,4,6,4,6,True,True,False
0xf88d6c5d2a00174905e91ab90bcc0ddae6ea8c2e,44,2,1,2,True,True,False
0xf9185d2950625e1e347e63b14fc2db10f8036a57,4,6,4,6,True,True,False
0xf974ff1a9282b5e21daeca731951d09c5c0304d7,1,3,0,3,False,True,False
0xf98a23b33f3f1bb5149f0abe765d49acede18f01,1,10,0,0,False,False,False
0xf9b6a1eb0190bf76274b0876957ee9f4f508af41,2,4,2,4,True,True,True
0xfa1a94ae136880002ff4b4665ab4e7498973332f,7,5,1,2,True,True,False
0xfa516241a5b831aafc79c7dd24b54a8c6097a7bc,3,6,3,6,True,True,False
0xfa832aa351ae94178958be32fc15e48ebb2c3072,1,6,0,2,False,True,False
0xfaa26acefc3b5e28be7e8502bb479d8caba11fe0,1,2,0,2,False,True,False
0xfb09a611042b36e833fd30dd3788052ff05dfcbd,2,4,0,1,False,True,False
0xfb0d48b0343498e80419d2f6cec30b2ca8af448a,3,2,0,2,False,True,False
0xfb1170a9d67bf12734f93b6f416218332cc6f717,3,1,0,1,False,True,False
0xfb7b631869caa91d26ea1d3fab110ff1c57d5264,5,6,3,6,True,True,False
0xfc456641d1ee47d8520420b3beb00e29d6da2958,4,6,2,6,True,True,False
0xfc759fb6aa8bd8de49c635f13a9dd9c4d84dfe6c,3,6,3,6,True,True,False
0xfc9ad8e06046fda3be1e094df6f66de3a88dc0d7,1,2,0,1,False,True,False
0xfcb8789ae6f7a4abeb03bff64954157e9226c89d,5,4,3,4,True,True,False
0xfd286b005aa8a870b1a98e2df13d71257e9a9a04,2,2,0,2,False,True,False
0xfda91ad1684e7e0e97bd569334b601975dbe3871,2,1,0,1,False,True,False
0xfdaf1f1714810f8d88a57c9d551d442c68ace2bb,1,2,1,2,True,True,False
0xfe6757c1b89cb1815e36a9f0ddb7073ce1afec20,6,3,0,0,False,False,False
0xfea720d06616097ccddc1a3797200787e90296c0,18,3,0,0,False,False,False
0xfee7b31065bc61189a643bb9406893ec56e06ba1,4,5,2,5,True,True,False
0xfef912fdc857ae37ae599a75a48808699e93f364,3,1,0,1,False,True,False
0xff2e489661fc6d7dfab6353b62a8bbfb49f697b6,3,6,3,6,True,True,False
0xff96235890979a4ca060ff170cbc5da7227d6af2,4,6,4,6,True,True,False
0xffbd3e1036a4fee10801b697ad6ce8ad305ba64b,17,1,0,1,False,True,False
